1	1632414477504	-0.104	-0.189	9.63	panchos
2	1632414477520	-0.114	-0.18	9.64	panchos
3	1632414477540	-0.104	-0.17	9.63	panchos
4	1632414477560	-0.114	-0.18	9.621	panchos
5	1632414477580	-0.133	-0.189	9.611	panchos
6	1632414477600	-0.104	-0.18	9.621	panchos
7	1632414477620	-0.123	-0.18	9.63	panchos
8	1632414477641	-0.114	-0.189	9.611	panchos
9	1632414477660	-0.095	-0.189	9.621	panchos
10	1632414477680	-0.104	-0.18	9.63	panchos
11	1632414477700	-0.123	-0.189	9.611	panchos
12	1632414477720	-0.104	-0.17	9.65	panchos
13	1632414477742	-0.104	-0.17	9.611	panchos
14	1632414477762	-0.104	-0.18	9.621	panchos
15	1632414477782	-0.085	-0.17	9.621	panchos
16	1632414477800	-0.104	-0.18	9.611	panchos
17	1632414477822	-0.104	-0.199	9.621	panchos
18	1632414477842	-0.143	-0.17	9.63	panchos
19	1632414477861	-0.123	-0.189	9.611	panchos
20	1632414477882	-0.114	-0.17	9.621	panchos
21	1632414477900	-0.123	-0.18	9.602	panchos
22	1632414477920	-0.133	-0.18	9.611	panchos
23	1632414477942	-0.133	-0.189	9.621	panchos
24	1632414477962	-0.123	-0.161	9.63	panchos
25	1632414477981	-0.114	-0.199	9.63	panchos
26	1632414478002	-0.085	-0.189	9.621	panchos
27	1632414478022	-0.085	-0.18	9.621	panchos
28	1632414478042	-0.085	-0.17	9.621	panchos
29	1632414478062	-0.114	-0.189	9.592	panchos
30	1632414478082	-0.114	-0.189	9.621	panchos
31	1632414478102	-0.114	-0.189	9.602	panchos
32	1632414478120	-0.104	-0.189	9.63	panchos
33	1632414478142	-0.104	-0.189	9.621	panchos
34	1632414478162	-0.104	-0.17	9.621	panchos
35	1632414478180	-0.104	-0.18	9.63	panchos
36	1632414478202	-0.104	-0.18	9.63	panchos
37	1632414478222	-0.104	-0.18	9.611	panchos
38	1632414478240	-0.104	-0.18	9.621	panchos
39	1632414478260	-0.085	-0.17	9.611	panchos
40	1632414478282	-0.133	-0.18	9.621	panchos
41	1632414478302	-0.104	-0.17	9.621	panchos
42	1632414478322	-0.123	-0.18	9.63	panchos
43	1632414478340	-0.114	-0.18	9.621	panchos
44	1632414478360	-0.123	-0.18	9.621	panchos
45	1632414478382	-0.095	-0.199	9.63	panchos
46	1632414478402	-0.104	-0.18	9.611	panchos
47	1632414478420	-0.114	-0.18	9.611	panchos
48	1632414478440	-0.104	-0.189	9.602	panchos
49	1632414478460	-0.095	-0.199	9.611	panchos
50	1632414478482	-0.114	-0.18	9.621	panchos
51	1632414478500	-0.114	-0.189	9.621	panchos
52	1632414478520	-0.143	-0.18	9.621	panchos
53	1632414478540	-0.114	-0.18	9.64	panchos
54	1632414478560	-0.085	-0.189	9.621	panchos
55	1632414478580	-0.114	-0.18	9.64	panchos
56	1632414478602	-0.143	-0.189	9.611	panchos
57	1632414478620	-0.143	-0.161	9.611	panchos
58	1632414478642	-0.114	-0.18	9.611	panchos
59	1632414478662	-0.114	-0.151	9.63	panchos
60	1632414478680	-0.114	-0.189	9.63	panchos
61	1632414478702	-0.114	-0.17	9.611	panchos
62	1632414478722	-0.114	-0.18	9.63	panchos
63	1632414478742	-0.123	-0.151	9.621	panchos
64	1632414478760	-0.114	-0.189	9.611	panchos
65	1632414478782	-0.095	-0.18	9.611	panchos
66	1632414478802	-0.114	-0.199	9.602	panchos
67	1632414478820	-0.104	-0.199	9.602	panchos
68	1632414478841	-0.123	-0.161	9.611	panchos
69	1632414478862	-0.123	-0.18	9.63	panchos
70	1632414478880	-0.123	-0.18	9.63	panchos
71	1632414478900	-0.123	-0.189	9.621	panchos
72	1632414478922	-0.104	-0.17	9.611	panchos
73	1632414478940	-0.104	-0.208	9.63	panchos
74	1632414478960	-0.095	-0.18	9.611	panchos
75	1632414478980	-0.114	-0.199	9.621	panchos
76	1632414479000	-0.095	-0.18	9.602	panchos
77	1632414479020	-0.085	-0.18	9.621	panchos
78	1632414479040	-0.095	-0.199	9.621	panchos
79	1632414479060	-0.104	-0.18	9.621	panchos
80	1632414479082	-0.114	-0.189	9.611	panchos
81	1632414479102	-0.095	-0.189	9.611	panchos
82	1632414479122	-0.104	-0.189	9.611	panchos
83	1632414479140	-0.095	-0.18	9.611	panchos
84	1632414479162	-0.095	-0.18	9.602	panchos
85	1632414479182	-0.075	-0.199	9.602	panchos
86	1632414479200	-0.123	-0.189	9.611	panchos
87	1632414479220	-0.123	-0.18	9.621	panchos
88	1632414479240	-0.114	-0.189	9.611	panchos
89	1632414479262	-0.114	-0.199	9.611	panchos
90	1632414479280	-0.104	-0.161	9.621	panchos
91	1632414479300	-0.095	-0.18	9.63	panchos
92	1632414479320	-0.104	-0.17	9.611	panchos
93	1632414479340	-0.114	-0.18	9.611	panchos
94	1632414479362	-0.104	-0.18	9.611	panchos
95	1632414479380	-0.104	-0.189	9.592	panchos
96	1632414479400	-0.123	-0.17	9.621	panchos
97	1632414479422	-0.085	-0.18	9.602	panchos
98	1632414479442	-0.104	-0.18	9.63	panchos
99	1632414479462	-0.095	-0.189	9.611	panchos
100	1632414479482	-0.075	-0.18	9.602	panchos
101	1632414479502	-0.114	-0.189	9.611	panchos
102	1632414479522	-0.114	-0.189	9.63	panchos
103	1632414479540	-0.114	-0.189	9.611	panchos
104	1632414479560	-0.095	-0.18	9.621	panchos
105	1632414479580	-0.123	-0.199	9.621	panchos
106	1632414479600	-0.104	-0.18	9.592	panchos
107	1632414479620	-0.114	-0.199	9.621	panchos
108	1632414479640	-0.095	-0.199	9.611	panchos
109	1632414479660	-0.104	-0.189	9.611	panchos
110	1632414479680	-0.114	-0.199	9.621	panchos
111	1632414479700	-0.114	-0.199	9.611	panchos
112	1632414479720	-0.085	-0.189	9.621	panchos
113	1632414479740	-0.104	-0.189	9.582	panchos
114	1632414479760	-0.104	-0.18	9.592	panchos
115	1632414479780	-0.133	-0.199	9.592	panchos
116	1632414479800	-0.095	-0.18	9.611	panchos
117	1632414479820	-0.114	-0.18	9.611	panchos
118	1632414479842	-0.085	-0.189	9.621	panchos
119	1632414479862	-0.095	-0.18	9.611	panchos
120	1632414479882	-0.114	-0.189	9.63	panchos
121	1632414479902	-0.095	-0.17	9.602	panchos
122	1632414479920	-0.095	-0.18	9.611	panchos
123	1632414479942	-0.123	-0.199	9.621	panchos
124	1632414479960	-0.104	-0.18	9.611	panchos
125	1632414479982	-0.114	-0.17	9.63	panchos
126	1632414480000	-0.114	-0.189	9.621	panchos
127	1632414480021	-0.104	-0.18	9.611	panchos
128	1632414480040	-0.095	-0.189	9.64	panchos
129	1632414480060	-0.123	-0.189	9.602	panchos
130	1632414480080	-0.114	-0.199	9.611	panchos
131	1632414480099	-0.123	-0.18	9.63	panchos
132	1632414480120	-0.104	-0.17	9.611	panchos
133	1632414480139	-0.123	-0.199	9.611	panchos
134	1632414480160	-0.095	-0.189	9.621	panchos
135	1632414480180	-0.104	-0.18	9.621	panchos
136	1632414480200	-0.114	-0.17	9.621	panchos
137	1632414480220	-0.114	-0.18	9.611	panchos
138	1632414480240	-0.123	-0.189	9.611	panchos
139	1632414480261	-0.114	-0.189	9.621	panchos
140	1632414480280	-0.104	-0.18	9.63	panchos
141	1632414480300	-0.095	-0.17	9.611	panchos
142	1632414480320	-0.085	-0.189	9.611	panchos
143	1632414480340	-0.114	-0.17	9.611	panchos
144	1632414480360	-0.095	-0.17	9.602	panchos
145	1632414480380	-0.114	-0.17	9.611	panchos
146	1632414480400	-0.123	-0.199	9.621	panchos
147	1632414480420	-0.123	-0.189	9.621	panchos
148	1632414480440	-0.075	-0.189	9.63	panchos
149	1632414480460	-0.095	-0.17	9.611	panchos
150	1632414480482	-0.095	-0.18	9.602	panchos
151	1632414480500	-0.104	-0.189	9.621	panchos
152	1632414480520	-0.104	-0.199	9.602	panchos
153	1632414480540	-0.095	-0.199	9.611	panchos
154	1632414480560	-0.114	-0.189	9.602	panchos
155	1632414480580	-0.104	-0.199	9.63	panchos
156	1632414480600	-0.085	-0.208	9.63	panchos
157	1632414480620	-0.095	-0.199	9.611	panchos
158	1632414480640	-0.104	-0.199	9.621	panchos
159	1632414480660	-0.114	-0.18	9.621	panchos
160	1632414480680	-0.133	-0.199	9.63	panchos
161	1632414480701	-0.104	-0.18	9.621	panchos
162	1632414480720	-0.114	-0.199	9.602	panchos
163	1632414480742	-0.123	-0.17	9.611	panchos
164	1632414480760	-0.114	-0.189	9.621	panchos
165	1632414480780	-0.085	-0.199	9.621	panchos
166	1632414480800	-0.114	-0.189	9.621	panchos
167	1632414480822	-0.095	-0.199	9.621	panchos
168	1632414480840	-0.133	-0.199	9.64	panchos
169	1632414480860	-0.123	-0.189	9.602	panchos
170	1632414480882	-0.085	-0.189	9.602	panchos
171	1632414480902	-0.095	-0.199	9.63	panchos
172	1632414480920	-0.104	-0.18	9.611	panchos
173	1632414480942	-0.095	-0.18	9.63	panchos
174	1632414480962	-0.123	-0.199	9.621	panchos
175	1632414480982	-0.104	-0.199	9.611	panchos
176	1632414481002	-0.104	-0.189	9.602	panchos
177	1632414481020	-0.104	-0.18	9.621	panchos
178	1632414481040	-0.104	-0.18	9.621	panchos
179	1632414481060	-0.123	-0.189	9.611	panchos
180	1632414481080	-0.085	-0.18	9.611	panchos
181	1632414481100	-0.095	-0.199	9.63	panchos
182	1632414481120	-0.104	-0.199	9.611	panchos
183	1632414481140	-0.095	-0.208	9.63	panchos
184	1632414481162	-0.104	-0.189	9.592	panchos
185	1632414481180	-0.104	-0.189	9.621	panchos
186	1632414481202	-0.095	-0.189	9.602	panchos
187	1632414481222	-0.104	-0.199	9.63	panchos
188	1632414481240	-0.114	-0.189	9.621	panchos
189	1632414481262	-0.095	-0.189	9.621	panchos
190	1632414481282	-0.095	-0.199	9.611	panchos
191	1632414481300	-0.114	-0.218	9.621	panchos
192	1632414481322	-0.104	-0.189	9.63	panchos
193	1632414481340	-0.075	-0.189	9.63	panchos
194	1632414481360	-0.075	-0.189	9.63	panchos
195	1632414481380	-0.114	-0.18	9.611	panchos
196	1632414481400	-0.104	-0.17	9.63	panchos
197	1632414481420	-0.104	-0.18	9.64	panchos
198	1632414481440	-0.104	-0.17	9.611	panchos
199	1632414481460	-0.095	-0.189	9.621	panchos
200	1632414481482	-0.085	-0.199	9.611	panchos
201	1632414481502	-0.104	-0.199	9.602	panchos
202	1632414481522	-0.075	-0.18	9.621	panchos
203	1632414481540	-0.075	-0.189	9.621	panchos
204	1632414481560	-0.085	-0.199	9.63	panchos
205	1632414481580	-0.075	-0.208	9.602	panchos
206	1632414481600	-0.085	-0.199	9.592	panchos
207	1632414481620	-0.095	-0.199	9.611	panchos
208	1632414481640	-0.085	-0.208	9.611	panchos
209	1632414481660	-0.114	-0.18	9.63	panchos
210	1632414481680	-0.114	-0.189	9.611	panchos
211	1632414481700	-0.095	-0.189	9.621	panchos
212	1632414481722	-0.095	-0.189	9.621	panchos
213	1632414481740	-0.085	-0.189	9.63	panchos
214	1632414481760	-0.095	-0.189	9.621	panchos
215	1632414481780	-0.104	-0.189	9.621	panchos
216	1632414481800	-0.095	-0.199	9.611	panchos
217	1632414481820	-0.133	-0.199	9.621	panchos
218	1632414481840	-0.095	-0.18	9.63	panchos
219	1632414481860	-0.104	-0.18	9.621	panchos
220	1632414481880	-0.104	-0.199	9.63	panchos
221	1632414481900	-0.104	-0.17	9.63	panchos
222	1632414481922	-0.095	-0.189	9.64	panchos
223	1632414481942	-0.104	-0.18	9.64	panchos
224	1632414481962	-0.114	-0.189	9.621	panchos
225	1632414481987	-0.123	-0.17	9.64	panchos
226	1632414482000	-0.114	-0.189	9.621	panchos
227	1632414482020	-0.114	-0.208	9.621	panchos
228	1632414482040	-0.085	-0.18	9.621	panchos
229	1632414482060	-0.104	-0.189	9.602	panchos
230	1632414482080	-0.123	-0.17	9.621	panchos
231	1632414482101	-0.104	-0.199	9.64	panchos
232	1632414482120	-0.095	-0.189	9.64	panchos
233	1632414482142	-0.085	-0.18	9.611	panchos
234	1632414482160	-0.095	-0.189	9.621	panchos
235	1632414482180	-0.095	-0.199	9.621	panchos
236	1632414482200	-0.085	-0.17	9.611	panchos
237	1632414482220	-0.075	-0.199	9.621	panchos
238	1632414482240	-0.114	-0.199	9.63	panchos
239	1632414482260	-0.133	-0.189	9.602	panchos
240	1632414482280	-0.114	-0.189	9.63	panchos
241	1632414482300	-0.104	-0.18	9.621	panchos
242	1632414482320	-0.095	-0.18	9.63	panchos
243	1632414482340	-0.123	-0.17	9.611	panchos
244	1632414482360	-0.095	-0.18	9.621	panchos
245	1632414482380	-0.095	-0.17	9.611	panchos
246	1632414482400	-0.104	-0.18	9.64	panchos
247	1632414482422	-0.123	-0.18	9.64	panchos
248	1632414482441	-0.095	-0.189	9.63	panchos
249	1632414482461	-0.123	-0.199	9.63	panchos
250	1632414482482	-0.085	-0.18	9.621	panchos
251	1632414482502	-0.104	-0.189	9.63	panchos
252	1632414482522	-0.123	-0.17	9.611	panchos
253	1632414482542	-0.104	-0.17	9.621	panchos
254	1632414482560	-0.104	-0.199	9.611	panchos
255	1632414482580	-0.104	-0.17	9.63	panchos
256	1632414482600	-0.104	-0.18	9.611	panchos
257	1632414482620	-0.104	-0.189	9.611	panchos
258	1632414482640	-0.104	-0.199	9.621	panchos
259	1632414482660	-0.114	-0.18	9.621	panchos
260	1632414482680	-0.095	-0.189	9.621	panchos
261	1632414482700	-0.095	-0.199	9.621	panchos
262	1632414482720	-0.095	-0.199	9.602	panchos
263	1632414482740	-0.123	-0.199	9.611	panchos
264	1632414482760	-0.095	-0.199	9.611	panchos
265	1632414482780	-0.095	-0.18	9.611	panchos
266	1632414482800	-0.104	-0.18	9.611	panchos
267	1632414482820	-0.114	-0.18	9.63	panchos
268	1632414482840	-0.104	-0.18	9.63	panchos
269	1632414482860	-0.133	-0.18	9.64	panchos
270	1632414482880	-0.104	-0.18	9.621	panchos
271	1632414482899	-0.123	-0.189	9.621	panchos
272	1632414482920	-0.114	-0.17	9.63	panchos
273	1632414482940	-0.104	-0.17	9.64	panchos
274	1632414482960	-0.104	-0.18	9.621	panchos
275	1632414482980	-0.114	-0.18	9.64	panchos
276	1632414483000	-0.114	-0.18	9.611	panchos
277	1632414483020	-0.095	-0.17	9.621	panchos
278	1632414483040	-0.104	-0.18	9.611	panchos
279	1632414483060	-0.104	-0.18	9.63	panchos
280	1632414483080	-0.123	-0.189	9.621	panchos
281	1632414483100	-0.123	-0.18	9.621	panchos
282	1632414483121	-0.143	-0.18	9.64	panchos
283	1632414483140	-0.114	-0.189	9.611	panchos
284	1632414483160	-0.114	-0.189	9.611	panchos
285	1632414483180	-0.114	-0.199	9.621	panchos
286	1632414483200	-0.123	-0.189	9.621	panchos
287	1632414483222	-0.123	-0.161	9.611	panchos
288	1632414483242	-0.114	-0.17	9.63	panchos
289	1632414483262	-0.114	-0.189	9.621	panchos
290	1632414483280	-0.095	-0.189	9.64	panchos
291	1632414483302	-0.114	-0.189	9.621	panchos
292	1632414483322	-0.114	-0.189	9.63	panchos
293	1632414483342	-0.123	-0.18	9.611	panchos
294	1632414483362	-0.104	-0.18	9.621	panchos
295	1632414483382	-0.114	-0.18	9.621	panchos
296	1632414483401	-0.095	-0.189	9.621	panchos
297	1632414483420	-0.143	-0.189	9.611	panchos
298	1632414483441	-0.114	-0.17	9.64	panchos
299	1632414483461	-0.104	-0.18	9.63	panchos
300	1632414483486	-0.114	-0.18	9.63	panchos
301	1632414483500	-0.114	-0.199	9.621	panchos
302	1632414483520	-0.114	-0.17	9.611	panchos
303	1632414483540	-0.123	-0.18	9.63	panchos
304	1632414483560	-0.123	-0.189	9.63	panchos
305	1632414483580	-0.104	-0.18	9.611	panchos
306	1632414483600	-0.114	-0.17	9.64	panchos
307	1632414483620	-0.114	-0.189	9.63	panchos
308	1632414483640	-0.066	-0.18	9.602	panchos
309	1632414483660	-0.123	-0.189	9.611	panchos
310	1632414483680	-0.104	-0.18	9.63	panchos
311	1632414483702	-0.133	-0.18	9.611	panchos
312	1632414483722	-0.114	-0.18	9.63	panchos
313	1632414483740	-0.123	-0.189	9.621	panchos
314	1632414483761	-0.143	-0.17	9.621	panchos
315	1632414483782	-0.114	-0.17	9.63	panchos
316	1632414483802	-0.104	-0.18	9.621	panchos
317	1632414483822	-0.104	-0.18	9.611	panchos
318	1632414483842	-0.114	-0.18	9.611	panchos
319	1632414483862	-0.123	-0.18	9.621	panchos
320	1632414483880	-0.114	-0.189	9.611	panchos
321	1632414483902	-0.123	-0.189	9.621	panchos
322	1632414483920	-0.123	-0.199	9.621	panchos
323	1632414483942	-0.104	-0.18	9.63	panchos
324	1632414483962	-0.114	-0.17	9.621	panchos
325	1632414483981	-0.123	-0.189	9.63	panchos
326	1632414484002	-0.114	-0.17	9.63	panchos
327	1632414484022	-0.123	-0.18	9.621	panchos
328	1632414484040	-0.143	-0.189	9.621	panchos
329	1632414484062	-0.114	-0.17	9.611	panchos
330	1632414484082	-0.104	-0.17	9.63	panchos
331	1632414484102	-0.085	-0.151	9.602	panchos
332	1632414484120	-0.095	-0.208	9.602	panchos
333	1632414484140	-0.104	-0.199	9.63	panchos
334	1632414484160	-0.114	-0.18	9.63	panchos
335	1632414484180	-0.104	-0.17	9.621	panchos
336	1632414484200	-0.123	-0.189	9.621	panchos
337	1632414484222	-0.133	-0.17	9.621	panchos
338	1632414484240	-0.104	-0.18	9.64	panchos
339	1632414484260	-0.123	-0.189	9.64	panchos
340	1632414484280	-0.114	-0.189	9.621	panchos
341	1632414484301	-0.104	-0.18	9.611	panchos
342	1632414484320	-0.123	-0.18	9.621	panchos
343	1632414484340	-0.085	-0.18	9.621	panchos
344	1632414484362	-0.104	-0.189	9.621	panchos
345	1632414484380	-0.114	-0.18	9.611	panchos
346	1632414484402	-0.095	-0.17	9.621	panchos
347	1632414484422	-0.104	-0.189	9.611	panchos
348	1632414484440	-0.123	-0.189	9.611	panchos
349	1632414484462	-0.095	-0.18	9.621	panchos
350	1632414484482	-0.104	-0.18	9.611	panchos
351	1632414484502	-0.114	-0.189	9.621	panchos
352	1632414484522	-0.114	-0.18	9.621	panchos
353	1632414484540	-0.104	-0.189	9.63	panchos
354	1632414484560	-0.114	-0.189	9.611	panchos
355	1632414484582	-0.104	-0.18	9.611	panchos
356	1632414484602	-0.114	-0.17	9.602	panchos
357	1632414484620	-0.095	-0.17	9.611	panchos
358	1632414484640	-0.095	-0.199	9.621	panchos
359	1632414484660	-0.114	-0.18	9.63	panchos
360	1632414484680	-0.114	-0.189	9.63	panchos
361	1632414484700	-0.114	-0.189	9.63	panchos
362	1632414484720	-0.123	-0.18	9.611	panchos
363	1632414484740	-0.095	-0.199	9.63	panchos
364	1632414484762	-0.095	-0.189	9.611	panchos
365	1632414484782	-0.095	-0.199	9.621	panchos
366	1632414484800	-0.104	-0.18	9.621	panchos
367	1632414484822	-0.104	-0.199	9.63	panchos
368	1632414484842	-0.095	-0.18	9.592	panchos
369	1632414484862	-0.104	-0.18	9.602	panchos
370	1632414484882	-0.114	-0.18	9.621	panchos
371	1632414484902	-0.085	-0.18	9.611	panchos
372	1632414484922	-0.114	-0.199	9.611	panchos
373	1632414484942	-0.104	-0.189	9.611	panchos
374	1632414484962	-0.114	-0.189	9.63	panchos
375	1632414484987	-0.095	-0.208	9.621	panchos
376	1632414485000	-0.104	-0.17	9.65	panchos
377	1632414485020	-0.114	-0.18	9.63	panchos
378	1632414485040	-0.114	-0.17	9.63	panchos
379	1632414485060	-0.114	-0.189	9.64	panchos
380	1632414485080	-0.104	-0.17	9.611	panchos
381	1632414485100	-0.133	-0.199	9.621	panchos
382	1632414485120	-0.104	-0.189	9.621	panchos
383	1632414485142	-0.104	-0.18	9.602	panchos
384	1632414485162	-0.133	-0.17	9.64	panchos
385	1632414485182	-0.123	-0.161	9.63	panchos
386	1632414485200	-0.104	-0.17	9.64	panchos
387	1632414485220	-0.123	-0.17	9.64	panchos
388	1632414485240	-0.095	-0.18	9.63	panchos
389	1632414485260	-0.104	-0.161	9.63	panchos
390	1632414485280	-0.114	-0.151	9.65	panchos
391	1632414485300	-0.104	-0.18	9.64	panchos
392	1632414485320	-0.104	-0.161	9.63	panchos
393	1632414485340	-0.123	-0.18	9.64	panchos
394	1632414485362	-0.095	-0.199	9.63	panchos
395	1632414485382	-0.114	-0.189	9.611	panchos
396	1632414485402	-0.104	-0.189	9.602	panchos
397	1632414485420	-0.123	-0.18	9.611	panchos
398	1632414485440	-0.104	-0.189	9.621	panchos
399	1632414485460	-0.114	-0.189	9.621	panchos
400	1632414485482	-0.104	-0.18	9.611	panchos
401	1632414485500	-0.114	-0.189	9.621	panchos
402	1632414485520	-0.114	-0.189	9.64	panchos
403	1632414485540	-0.123	-0.189	9.621	panchos
404	1632414485562	-0.085	-0.199	9.611	panchos
405	1632414485580	-0.085	-0.18	9.621	panchos
406	1632414485602	-0.104	-0.17	9.602	panchos
407	1632414485620	-0.104	-0.18	9.64	panchos
408	1632414485640	-0.104	-0.18	9.64	panchos
409	1632414485660	-0.095	-0.17	9.621	panchos
410	1632414485680	-0.123	-0.17	9.621	panchos
411	1632414485700	-0.095	-0.199	9.63	panchos
412	1632414485720	-0.104	-0.17	9.64	panchos
413	1632414485742	-0.104	-0.18	9.63	panchos
414	1632414485762	-0.095	-0.199	9.592	panchos
415	1632414485782	-0.123	-0.199	9.63	panchos
416	1632414485800	-0.104	-0.189	9.621	panchos
417	1632414485822	-0.114	-0.208	9.611	panchos
418	1632414485842	-0.095	-0.189	9.621	panchos
419	1632414485862	-0.123	-0.18	9.621	panchos
420	1632414485882	-0.104	-0.199	9.602	panchos
421	1632414485900	-0.095	-0.189	9.611	panchos
422	1632414485922	-0.095	-0.189	9.611	panchos
423	1632414485942	-0.095	-0.18	9.621	panchos
424	1632414485962	-0.075	-0.199	9.611	panchos
425	1632414485982	-0.104	-0.189	9.602	panchos
426	1632414486002	-0.085	-0.189	9.611	panchos
427	1632414486022	-0.114	-0.18	9.611	panchos
428	1632414486042	-0.114	-0.18	9.621	panchos
429	1632414486062	-0.095	-0.189	9.63	panchos
430	1632414486082	-0.123	-0.199	9.621	panchos
431	1632414486100	-0.104	-0.199	9.611	panchos
432	1632414486122	-0.095	-0.189	9.63	panchos
433	1632414486142	-0.095	-0.18	9.602	panchos
434	1632414486162	-0.104	-0.18	9.621	panchos
435	1632414486182	-0.085	-0.189	9.621	panchos
436	1632414486202	-0.085	-0.18	9.602	panchos
437	1632414486222	-0.104	-0.18	9.621	panchos
438	1632414486240	-0.133	-0.17	9.63	panchos
439	1632414486260	-0.114	-0.189	9.621	panchos
440	1632414486280	-0.143	-0.18	9.64	panchos
441	1632414486302	-0.104	-0.189	9.611	panchos
442	1632414486322	-0.104	-0.199	9.621	panchos
443	1632414486342	-0.085	-0.199	9.63	panchos
444	1632414486360	-0.104	-0.17	9.63	panchos
445	1632414486382	-0.104	-0.17	9.621	panchos
446	1632414486400	-0.114	-0.18	9.63	panchos
447	1632414486422	-0.114	-0.17	9.602	panchos
448	1632414486442	-0.104	-0.18	9.602	panchos
449	1632414486462	-0.114	-0.189	9.63	panchos
450	1632414486485	-0.123	-0.189	9.611	panchos
451	1632414486500	-0.114	-0.18	9.63	panchos
452	1632414486520	-0.104	-0.18	9.621	panchos
453	1632414486540	-0.104	-0.189	9.611	panchos
454	1632414486560	-0.104	-0.17	9.64	panchos
455	1632414486582	-0.104	-0.18	9.621	panchos
456	1632414486600	-0.114	-0.199	9.611	panchos
457	1632414486620	-0.114	-0.189	9.621	panchos
458	1632414486640	-0.095	-0.189	9.611	panchos
459	1632414486660	-0.095	-0.199	9.63	panchos
460	1632414486680	-0.104	-0.17	9.621	panchos
461	1632414486700	-0.114	-0.189	9.621	panchos
462	1632414486722	-0.104	-0.18	9.621	panchos
463	1632414486740	-0.123	-0.17	9.621	panchos
464	1632414486761	-0.085	-0.189	9.63	panchos
465	1632414486782	-0.104	-0.18	9.64	panchos
466	1632414486800	-0.123	-0.189	9.611	panchos
467	1632414486822	-0.085	-0.199	9.611	panchos
468	1632414486842	-0.114	-0.189	9.621	panchos
469	1632414486862	-0.095	-0.208	9.611	panchos
470	1632414486880	-0.056	-0.199	9.592	panchos
471	1632414486900	-0.114	-0.18	9.621	panchos
472	1632414486920	-0.104	-0.189	9.621	panchos
473	1632414486942	-0.123	-0.189	9.621	panchos
474	1632414486962	-0.114	-0.18	9.621	panchos
475	1632414486982	-0.085	-0.18	9.621	panchos
476	1632414487002	-0.114	-0.18	9.611	panchos
477	1632414487020	-0.104	-0.189	9.621	panchos
478	1632414487040	-0.114	-0.189	9.621	panchos
479	1632414487062	-0.095	-0.18	9.621	panchos
480	1632414487080	-0.095	-0.17	9.63	panchos
481	1632414487102	-0.114	-0.17	9.611	panchos
482	1632414487120	-0.075	-0.199	9.621	panchos
483	1632414487142	-0.114	-0.189	9.621	panchos
484	1632414487162	-0.104	-0.189	9.63	panchos
485	1632414487181	-0.104	-0.161	9.63	panchos
486	1632414487200	-0.114	-0.17	9.63	panchos
487	1632414487222	-0.075	-0.17	9.621	panchos
488	1632414487240	-0.104	-0.18	9.64	panchos
489	1632414487260	-0.133	-0.189	9.621	panchos
490	1632414487280	-0.095	-0.199	9.621	panchos
491	1632414487301	-0.104	-0.189	9.621	panchos
492	1632414487320	-0.123	-0.18	9.611	panchos
493	1632414487340	-0.075	-0.189	9.621	panchos
494	1632414487360	-0.075	-0.189	9.592	panchos
495	1632414487380	-0.104	-0.199	9.621	panchos
496	1632414487400	-0.095	-0.189	9.602	panchos
497	1632414487420	-0.104	-0.189	9.602	panchos
498	1632414487440	-0.114	-0.17	9.63	panchos
499	1632414487460	-0.095	-0.199	9.602	panchos
500	1632414487480	-0.095	-0.18	9.621	panchos
501	1632414487500	-0.095	-0.189	9.602	panchos
502	1632414487520	-0.085	-0.199	9.611	panchos
503	1632414487540	-0.095	-0.189	9.621	panchos
504	1632414487560	-0.085	-0.199	9.611	panchos
505	1632414487581	-0.095	-0.189	9.621	panchos
506	1632414487601	-0.095	-0.189	9.602	panchos
507	1632414487621	-0.114	-0.199	9.602	panchos
508	1632414487640	-0.066	-0.189	9.611	panchos
509	1632414487660	-0.085	-0.189	9.63	panchos
510	1632414487680	-0.104	-0.199	9.602	panchos
511	1632414487700	-0.104	-0.199	9.611	panchos
512	1632414487720	-0.123	-0.189	9.621	panchos
513	1632414487740	-0.104	-0.18	9.63	panchos
514	1632414487760	-0.123	-0.189	9.611	panchos
515	1632414487780	-0.085	-0.189	9.621	panchos
516	1632414487802	-0.104	-0.199	9.611	panchos
517	1632414487822	-0.123	-0.208	9.611	panchos
518	1632414487842	-0.095	-0.199	9.611	panchos
519	1632414487862	-0.085	-0.199	9.621	panchos
520	1632414487880	-0.114	-0.189	9.621	panchos
521	1632414487902	-0.095	-0.18	9.63	panchos
522	1632414487922	-0.104	-0.18	9.621	panchos
523	1632414487942	-0.095	-0.189	9.602	panchos
524	1632414487962	-0.095	-0.208	9.63	panchos
525	1632414487987	-0.104	-0.18	9.63	panchos
526	1632414488000	-0.114	-0.18	9.621	panchos
527	1632414488020	-0.104	-0.18	9.611	panchos
528	1632414488040	-0.114	-0.189	9.621	panchos
529	1632414488060	-0.114	-0.18	9.63	panchos
530	1632414488079	-0.114	-0.18	9.621	panchos
531	1632414488102	-0.104	-0.189	9.602	panchos
532	1632414488120	-0.123	-0.199	9.621	panchos
533	1632414488140	-0.104	-0.199	9.63	panchos
534	1632414488162	-0.104	-0.199	9.63	panchos
535	1632414488182	-0.114	-0.189	9.602	panchos
536	1632414488200	-0.104	-0.17	9.621	panchos
537	1632414488222	-0.104	-0.199	9.621	panchos
538	1632414488242	-0.104	-0.208	9.592	panchos
539	1632414488260	-0.095	-0.189	9.611	panchos
540	1632414488282	-0.114	-0.18	9.611	panchos
541	1632414488300	-0.104	-0.18	9.611	panchos
542	1632414488322	-0.114	-0.18	9.611	panchos
543	1632414488340	-0.123	-0.18	9.621	panchos
544	1632414488362	-0.133	-0.199	9.64	panchos
545	1632414488382	-0.114	-0.18	9.65	panchos
546	1632414488400	-0.095	-0.17	9.621	panchos
547	1632414488422	-0.143	-0.18	9.621	panchos
548	1632414488442	-0.095	-0.189	9.621	panchos
549	1632414488460	-0.104	-0.18	9.621	panchos
550	1632414488482	-0.095	-0.189	9.63	panchos
551	1632414488502	-0.114	-0.189	9.621	panchos
552	1632414488522	-0.104	-0.17	9.602	panchos
553	1632414488540	-0.095	-0.18	9.63	panchos
554	1632414488562	-0.123	-0.189	9.621	panchos
555	1632414488582	-0.085	-0.189	9.63	panchos
556	1632414488602	-0.114	-0.189	9.621	panchos
557	1632414488622	-0.104	-0.189	9.621	panchos
558	1632414488642	-0.075	-0.189	9.602	panchos
559	1632414488660	-0.114	-0.18	9.621	panchos
560	1632414488680	-0.085	-0.189	9.621	panchos
561	1632414488700	-0.104	-0.199	9.602	panchos
562	1632414488720	-0.114	-0.18	9.602	panchos
563	1632414488740	-0.123	-0.17	9.621	panchos
564	1632414488760	-0.104	-0.189	9.621	panchos
565	1632414488782	-0.095	-0.18	9.602	panchos
566	1632414488800	-0.095	-0.17	9.621	panchos
567	1632414488822	-0.123	-0.18	9.63	panchos
568	1632414488840	-0.095	-0.189	9.621	panchos
569	1632414488862	-0.075	-0.199	9.611	panchos
570	1632414488880	-0.095	-0.199	9.611	panchos
571	1632414488900	-0.104	-0.189	9.611	panchos
572	1632414488922	-0.123	-0.199	9.621	panchos
573	1632414488942	-0.123	-0.189	9.611	panchos
574	1632414488962	-0.104	-0.189	9.621	panchos
575	1632414488982	-0.114	-0.189	9.621	panchos
576	1632414489002	-0.104	-0.18	9.611	panchos
577	1632414489021	-0.104	-0.189	9.611	panchos
578	1632414489042	-0.095	-0.189	9.602	panchos
579	1632414489062	-0.095	-0.17	9.611	panchos
580	1632414489082	-0.104	-0.18	9.63	panchos
581	1632414489102	-0.095	-0.189	9.602	panchos
582	1632414489122	-0.104	-0.199	9.621	panchos
583	1632414489142	-0.114	-0.189	9.611	panchos
584	1632414489162	-0.104	-0.199	9.602	panchos
585	1632414489182	-0.075	-0.18	9.611	panchos
586	1632414489202	-0.075	-0.189	9.602	panchos
587	1632414489222	-0.085	-0.199	9.611	panchos
588	1632414489242	-0.114	-0.189	9.621	panchos
589	1632414489262	-0.095	-0.189	9.621	panchos
590	1632414489282	-0.095	-0.189	9.611	panchos
591	1632414489302	-0.085	-0.18	9.621	panchos
592	1632414489322	-0.085	-0.189	9.63	panchos
593	1632414489342	-0.123	-0.199	9.611	panchos
594	1632414489362	-0.095	-0.199	9.602	panchos
595	1632414489382	-0.075	-0.189	9.611	panchos
596	1632414489402	-0.114	-0.189	9.611	panchos
597	1632414489422	-0.114	-0.18	9.621	panchos
598	1632414489440	-0.104	-0.199	9.621	panchos
599	1632414489460	-0.104	-0.189	9.611	panchos
600	1632414489488	-0.114	-0.161	9.64	panchos
601	1632414489500	-0.133	-0.17	9.63	panchos
602	1632414489520	-0.123	-0.18	9.63	panchos
603	1632414489540	-0.095	-0.18	9.611	panchos
604	1632414489560	-0.104	-0.18	9.611	panchos
605	1632414489580	-0.123	-0.189	9.63	panchos
606	1632414489600	-0.095	-0.189	9.63	panchos
607	1632414489620	-0.095	-0.189	9.621	panchos
608	1632414489640	-0.095	-0.189	9.621	panchos
609	1632414489660	-0.095	-0.189	9.621	panchos
610	1632414489680	-0.066	-0.189	9.621	panchos
611	1632414489700	-0.085	-0.189	9.611	panchos
612	1632414489722	-0.123	-0.189	9.63	panchos
613	1632414489741	-0.104	-0.18	9.611	panchos
614	1632414489762	-0.085	-0.17	9.63	panchos
615	1632414489782	-0.123	-0.189	9.63	panchos
616	1632414489802	-0.095	-0.18	9.621	panchos
617	1632414489822	-0.123	-0.189	9.602	panchos
618	1632414489842	-0.104	-0.18	9.611	panchos
619	1632414489862	-0.095	-0.208	9.611	panchos
620	1632414489882	-0.114	-0.18	9.611	panchos
621	1632414489902	-0.095	-0.189	9.611	panchos
622	1632414489922	-0.114	-0.189	9.621	panchos
623	1632414489942	-0.075	-0.189	9.592	panchos
624	1632414489963	-0.114	-0.189	9.621	panchos
625	1632414489980	-0.095	-0.189	9.592	panchos
626	1632414490002	-0.104	-0.18	9.621	panchos
627	1632414490022	-0.104	-0.189	9.64	panchos
628	1632414490042	-0.095	-0.161	9.611	panchos
629	1632414490061	-0.104	-0.199	9.63	panchos
630	1632414490082	-0.095	-0.199	9.611	panchos
631	1632414490102	-0.085	-0.189	9.611	panchos
632	1632414490120	-0.114	-0.18	9.611	panchos
633	1632414490142	-0.085	-0.199	9.611	panchos
634	1632414490160	-0.095	-0.199	9.611	panchos
635	1632414490182	-0.104	-0.18	9.611	panchos
636	1632414490202	-0.114	-0.189	9.621	panchos
637	1632414490220	-0.104	-0.199	9.611	panchos
638	1632414490242	-0.114	-0.199	9.611	panchos
639	1632414490260	-0.085	-0.208	9.611	panchos
640	1632414490280	-0.085	-0.208	9.611	panchos
641	1632414490302	-0.104	-0.189	9.611	panchos
642	1632414490321	-0.085	-0.199	9.63	panchos
643	1632414490340	-0.066	-0.189	9.602	panchos
644	1632414490360	-0.095	-0.199	9.63	panchos
645	1632414490380	-0.104	-0.18	9.611	panchos
646	1632414490400	-0.104	-0.199	9.63	panchos
647	1632414490421	-0.104	-0.199	9.63	panchos
648	1632414490440	-0.133	-0.208	9.621	panchos
649	1632414490462	-0.104	-0.189	9.621	panchos
650	1632414490482	-0.114	-0.189	9.64	panchos
651	1632414490502	-0.095	-0.189	9.63	panchos
652	1632414490522	-0.104	-0.18	9.63	panchos
653	1632414490542	-0.123	-0.189	9.621	panchos
654	1632414490562	-0.095	-0.189	9.611	panchos
655	1632414490582	-0.095	-0.18	9.63	panchos
656	1632414490602	-0.104	-0.199	9.64	panchos
657	1632414490622	-0.114	-0.18	9.621	panchos
658	1632414490642	-0.095	-0.17	9.63	panchos
659	1632414490662	-0.104	-0.189	9.63	panchos
660	1632414490680	-0.095	-0.199	9.64	panchos
661	1632414490700	-0.123	-0.189	9.611	panchos
662	1632414490722	-0.095	-0.189	9.611	panchos
663	1632414490742	-0.104	-0.18	9.611	panchos
664	1632414490762	-0.075	-0.199	9.621	panchos
665	1632414490782	-0.123	-0.199	9.611	panchos
666	1632414490802	-0.095	-0.189	9.63	panchos
667	1632414490822	-0.095	-0.189	9.611	panchos
668	1632414490842	-0.123	-0.199	9.611	panchos
669	1632414490862	-0.095	-0.189	9.611	panchos
670	1632414490882	-0.085	-0.18	9.611	panchos
671	1632414490902	-0.123	-0.208	9.63	panchos
672	1632414490922	-0.104	-0.208	9.621	panchos
673	1632414490942	-0.104	-0.189	9.592	panchos
674	1632414490962	-0.085	-0.161	9.602	panchos
675	1632414490992	-0.114	-0.18	9.611	panchos
676	1632414491005	-0.104	-0.189	9.611	panchos
677	1632414491020	-0.123	-0.18	9.659	panchos
678	1632414491040	-0.114	-0.18	9.63	panchos
679	1632414491060	-0.085	-0.199	9.611	panchos
680	1632414491080	-0.075	-0.189	9.63	panchos
681	1632414491102	-0.085	-0.189	9.63	panchos
682	1632414491122	-0.095	-0.18	9.602	panchos
683	1632414491142	-0.075	-0.17	9.621	panchos
684	1632414491160	-0.085	-0.189	9.621	panchos
685	1632414491182	-0.104	-0.18	9.611	panchos
686	1632414491200	-0.104	-0.218	9.63	panchos
687	1632414491222	-0.095	-0.189	9.611	panchos
688	1632414491242	-0.085	-0.189	9.621	panchos
689	1632414491262	-0.104	-0.18	9.611	panchos
690	1632414491280	-0.095	-0.189	9.621	panchos
691	1632414491302	-0.104	-0.18	9.63	panchos
692	1632414491322	-0.104	-0.189	9.611	panchos
693	1632414491342	-0.095	-0.208	9.621	panchos
694	1632414491360	-0.114	-0.189	9.611	panchos
695	1632414491382	-0.104	-0.18	9.63	panchos
696	1632414491400	-0.104	-0.189	9.621	panchos
697	1632414491420	-0.095	-0.189	9.621	panchos
698	1632414491440	-0.095	-0.18	9.621	panchos
699	1632414491462	-0.104	-0.199	9.621	panchos
700	1632414491480	-0.095	-0.189	9.602	panchos
701	1632414491500	-0.095	-0.199	9.621	panchos
702	1632414491520	-0.104	-0.189	9.63	panchos
703	1632414491542	-0.133	-0.18	9.621	panchos
704	1632414491562	-0.104	-0.208	9.611	panchos
705	1632414491580	-0.114	-0.199	9.611	panchos
706	1632414491600	-0.095	-0.189	9.611	panchos
707	1632414491622	-0.075	-0.189	9.621	panchos
708	1632414491642	-0.114	-0.199	9.611	panchos
709	1632414491662	-0.095	-0.208	9.611	panchos
710	1632414491680	-0.104	-0.199	9.602	panchos
711	1632414491700	-0.095	-0.199	9.621	panchos
712	1632414491720	-0.085	-0.18	9.592	panchos
713	1632414491740	-0.104	-0.199	9.611	panchos
714	1632414491760	-0.104	-0.18	9.602	panchos
715	1632414491780	-0.075	-0.199	9.602	panchos
716	1632414491800	-0.095	-0.18	9.611	panchos
717	1632414491822	-0.104	-0.208	9.602	panchos
718	1632414491842	-0.104	-0.208	9.602	panchos
719	1632414491860	-0.095	-0.189	9.602	panchos
720	1632414491882	-0.095	-0.199	9.611	panchos
721	1632414491902	-0.095	-0.208	9.611	panchos
722	1632414491922	-0.114	-0.189	9.621	panchos
723	1632414491942	-0.104	-0.199	9.611	panchos
724	1632414491962	-0.095	-0.17	9.602	panchos
725	1632414491981	-0.095	-0.189	9.611	panchos
726	1632414492000	-0.123	-0.199	9.621	panchos
727	1632414492020	-0.095	-0.199	9.621	panchos
728	1632414492040	-0.104	-0.18	9.611	panchos
729	1632414492060	-0.104	-0.189	9.621	panchos
730	1632414492082	-0.104	-0.189	9.64	panchos
731	1632414492102	-0.104	-0.18	9.611	panchos
732	1632414492120	-0.114	-0.189	9.602	panchos
733	1632414492142	-0.104	-0.18	9.611	panchos
734	1632414492162	-0.085	-0.18	9.611	panchos
735	1632414492180	-0.123	-0.189	9.621	panchos
736	1632414492202	-0.123	-0.18	9.621	panchos
737	1632414492222	-0.114	-0.18	9.621	panchos
738	1632414492242	-0.104	-0.189	9.611	panchos
739	1632414492262	-0.114	-0.18	9.63	panchos
740	1632414492280	-0.114	-0.18	9.611	panchos
741	1632414492300	-0.085	-0.189	9.621	panchos
742	1632414492322	-0.104	-0.189	9.611	panchos
743	1632414492342	-0.104	-0.189	9.621	panchos
744	1632414492362	-0.123	-0.189	9.621	panchos
745	1632414492382	-0.114	-0.18	9.63	panchos
746	1632414492402	-0.095	-0.199	9.63	panchos
747	1632414492422	-0.104	-0.199	9.63	panchos
748	1632414492442	-0.095	-0.189	9.611	panchos
749	1632414492462	-0.114	-0.189	9.611	panchos
750	1632414492489	-0.104	-0.199	9.63	panchos
751	1632414492501	-0.114	-0.199	9.611	panchos
752	1632414492520	-0.095	-0.208	9.621	panchos
753	1632414492540	-0.095	-0.18	9.611	panchos
754	1632414492562	-0.104	-0.189	9.611	panchos
755	1632414492580	-0.095	-0.199	9.611	panchos
756	1632414492602	-0.114	-0.199	9.602	panchos
757	1632414492620	-0.104	-0.199	9.611	panchos
758	1632414492642	-0.085	-0.18	9.611	panchos
759	1632414492662	-0.066	-0.189	9.63	panchos
760	1632414492680	-0.123	-0.189	9.611	panchos
761	1632414492700	-0.095	-0.18	9.63	panchos
762	1632414492720	-0.104	-0.199	9.602	panchos
763	1632414492740	-0.123	-0.189	9.63	panchos
764	1632414492760	-0.123	-0.189	9.592	panchos
765	1632414492782	-0.104	-0.17	9.63	panchos
766	1632414492800	-0.095	-0.18	9.592	panchos
767	1632414492820	-0.095	-0.17	9.602	panchos
768	1632414492842	-0.095	-0.199	9.64	panchos
769	1632414492861	-0.104	-0.17	9.621	panchos
770	1632414492880	-0.085	-0.18	9.621	panchos
771	1632414492902	-0.114	-0.189	9.611	panchos
772	1632414492920	-0.085	-0.189	9.611	panchos
773	1632414492940	-0.104	-0.189	9.63	panchos
774	1632414492960	-0.114	-0.189	9.621	panchos
775	1632414492980	-0.104	-0.18	9.621	panchos
776	1632414493002	-0.075	-0.189	9.621	panchos
777	1632414493022	-0.095	-0.17	9.621	panchos
778	1632414493041	-0.104	-0.17	9.611	panchos
779	1632414493062	-0.104	-0.189	9.621	panchos
780	1632414493082	-0.114	-0.189	9.611	panchos
781	1632414493102	-0.095	-0.18	9.611	panchos
782	1632414493122	-0.095	-0.208	9.611	panchos
783	1632414493140	-0.085	-0.189	9.611	panchos
784	1632414493162	-0.085	-0.18	9.621	panchos
785	1632414493182	-0.095	-0.208	9.63	panchos
786	1632414493202	-0.104	-0.189	9.63	panchos
787	1632414493222	-0.085	-0.199	9.63	panchos
788	1632414493242	-0.114	-0.189	9.621	panchos
789	1632414493261	-0.104	-0.189	9.63	panchos
790	1632414493280	-0.075	-0.189	9.602	panchos
791	1632414493302	-0.104	-0.189	9.611	panchos
792	1632414493322	-0.104	-0.18	9.611	panchos
793	1632414493340	-0.104	-0.199	9.611	panchos
794	1632414493360	-0.085	-0.17	9.611	panchos
795	1632414493380	-0.114	-0.18	9.611	panchos
796	1632414493400	-0.104	-0.189	9.64	panchos
797	1632414493422	-0.085	-0.199	9.611	panchos
798	1632414493440	-0.104	-0.18	9.602	panchos
799	1632414493462	-0.085	-0.218	9.611	panchos
800	1632414493480	-0.085	-0.189	9.611	panchos
801	1632414493500	-0.085	-0.189	9.611	panchos
802	1632414493520	-0.104	-0.189	9.611	panchos
803	1632414493542	-0.104	-0.18	9.63	panchos
804	1632414493562	-0.104	-0.189	9.621	panchos
805	1632414493580	-0.114	-0.189	9.602	panchos
806	1632414493602	-0.085	-0.199	9.611	panchos
807	1632414493622	-0.104	-0.199	9.621	panchos
808	1632414493642	-0.104	-0.189	9.621	panchos
809	1632414493662	-0.114	-0.189	9.592	panchos
810	1632414493680	-0.114	-0.18	9.611	panchos
811	1632414493700	-0.114	-0.17	9.621	panchos
812	1632414493720	-0.095	-0.199	9.602	panchos
813	1632414493740	-0.075	-0.208	9.611	panchos
814	1632414493760	-0.095	-0.208	9.602	panchos
815	1632414493780	-0.085	-0.189	9.621	panchos
816	1632414493800	-0.133	-0.17	9.621	panchos
817	1632414493820	-0.104	-0.199	9.63	panchos
818	1632414493840	-0.085	-0.17	9.611	panchos
819	1632414493860	-0.085	-0.189	9.63	panchos
820	1632414493880	-0.095	-0.189	9.611	panchos
821	1632414493901	-0.104	-0.199	9.63	panchos
822	1632414493922	-0.114	-0.17	9.611	panchos
823	1632414493942	-0.104	-0.199	9.621	panchos
824	1632414493962	-0.095	-0.189	9.602	panchos
825	1632414493980	-0.095	-0.189	9.602	panchos
826	1632414494000	-0.085	-0.189	9.63	panchos
827	1632414494020	-0.095	-0.18	9.611	panchos
828	1632414494040	-0.123	-0.18	9.621	panchos
829	1632414494062	-0.104	-0.161	9.602	panchos
830	1632414494081	-0.095	-0.208	9.63	panchos
831	1632414494100	-0.123	-0.208	9.611	panchos
832	1632414494122	-0.114	-0.199	9.611	panchos
833	1632414494142	-0.095	-0.208	9.602	panchos
834	1632414494160	-0.114	-0.18	9.621	panchos
835	1632414494182	-0.123	-0.17	9.63	panchos
836	1632414494202	-0.095	-0.199	9.64	panchos
837	1632414494220	-0.104	-0.189	9.611	panchos
838	1632414494242	-0.104	-0.18	9.621	panchos
839	1632414494262	-0.104	-0.199	9.621	panchos
840	1632414494280	-0.095	-0.189	9.63	panchos
841	1632414494302	-0.104	-0.18	9.621	panchos
842	1632414494322	-0.133	-0.17	9.64	panchos
843	1632414494342	-0.095	-0.199	9.611	panchos
844	1632414494362	-0.114	-0.17	9.63	panchos
845	1632414494382	-0.104	-0.199	9.621	panchos
846	1632414494402	-0.104	-0.199	9.621	panchos
847	1632414494422	-0.104	-0.199	9.602	panchos
848	1632414494442	-0.123	-0.189	9.621	panchos
849	1632414494462	-0.085	-0.18	9.611	panchos
850	1632414494482	-0.114	-0.189	9.621	panchos
851	1632414494502	-0.104	-0.199	9.64	panchos
852	1632414494522	-0.104	-0.189	9.611	panchos
853	1632414494540	-0.104	-0.17	9.621	panchos
854	1632414494560	-0.133	-0.189	9.63	panchos
855	1632414494580	-0.075	-0.189	9.611	panchos
856	1632414494601	-0.075	-0.189	9.611	panchos
857	1632414494622	-0.104	-0.189	9.611	panchos
858	1632414494642	-0.095	-0.189	9.602	panchos
859	1632414494662	-0.075	-0.199	9.621	panchos
860	1632414494682	-0.114	-0.199	9.611	panchos
861	1632414494702	-0.095	-0.18	9.621	panchos
862	1632414494720	-0.123	-0.18	9.611	panchos
863	1632414494742	-0.095	-0.18	9.611	panchos
864	1632414494762	-0.114	-0.18	9.602	panchos
865	1632414494782	-0.095	-0.189	9.611	panchos
866	1632414494802	-0.085	-0.189	9.63	panchos
867	1632414494822	-0.123	-0.199	9.602	panchos
868	1632414494842	-0.085	-0.208	9.621	panchos
869	1632414494862	-0.123	-0.17	9.621	panchos
870	1632414494882	-0.085	-0.199	9.611	panchos
871	1632414494902	-0.104	-0.199	9.64	panchos
872	1632414494922	-0.085	-0.189	9.611	panchos
873	1632414494942	-0.114	-0.199	9.63	panchos
874	1632414494962	-0.104	-0.189	9.611	panchos
875	1632414494982	-0.095	-0.199	9.621	panchos
876	1632414495002	-0.085	-0.199	9.621	panchos
877	1632414495021	-0.095	-0.199	9.611	panchos
878	1632414495042	-0.104	-0.189	9.621	panchos
879	1632414495062	-0.095	-0.208	9.611	panchos
880	1632414495082	-0.104	-0.199	9.621	panchos
881	1632414495102	-0.104	-0.189	9.621	panchos
882	1632414495122	-0.114	-0.189	9.611	panchos
883	1632414495142	-0.123	-0.18	9.611	panchos
884	1632414495162	-0.104	-0.17	9.621	panchos
885	1632414495182	-0.104	-0.208	9.63	panchos
886	1632414495202	-0.104	-0.189	9.621	panchos
887	1632414495222	-0.095	-0.18	9.611	panchos
888	1632414495242	-0.104	-0.199	9.621	panchos
889	1632414495262	-0.114	-0.208	9.602	panchos
890	1632414495280	-0.095	-0.199	9.602	panchos
891	1632414495302	-0.095	-0.189	9.611	panchos
892	1632414495322	-0.095	-0.199	9.592	panchos
893	1632414495342	-0.085	-0.199	9.611	panchos
894	1632414495362	-0.075	-0.199	9.621	panchos
895	1632414495382	-0.085	-0.18	9.602	panchos
896	1632414495402	-0.114	-0.199	9.611	panchos
897	1632414495422	-0.104	-0.189	9.63	panchos
898	1632414495442	-0.095	-0.199	9.582	panchos
899	1632414495462	-0.066	-0.189	9.621	panchos
900	1632414495490	-0.104	-0.189	9.621	panchos
901	1632414495500	-0.075	-0.189	9.602	panchos
902	1632414495520	-0.085	-0.189	9.621	panchos
903	1632414495540	-0.095	-0.208	9.611	panchos
904	1632414495560	-0.075	-0.208	9.611	panchos
905	1632414495580	-0.095	-0.199	9.611	panchos
906	1632414495602	-0.114	-0.208	9.621	panchos
907	1632414495622	-0.104	-0.199	9.611	panchos
908	1632414495642	-0.104	-0.199	9.63	panchos
909	1632414495660	-0.114	-0.208	9.602	panchos
910	1632414495681	-0.085	-0.18	9.611	panchos
911	1632414495700	-0.095	-0.199	9.611	panchos
912	1632414495720	-0.075	-0.18	9.611	panchos
913	1632414495740	-0.104	-0.189	9.63	panchos
914	1632414495760	-0.085	-0.199	9.621	panchos
915	1632414495780	-0.095	-0.199	9.621	panchos
916	1632414495800	-0.114	-0.189	9.611	panchos
917	1632414495820	-0.114	-0.189	9.602	panchos
918	1632414495840	-0.085	-0.218	9.602	panchos
919	1632414495860	-0.104	-0.208	9.621	panchos
920	1632414495882	-0.123	-0.189	9.611	panchos
921	1632414495902	-0.075	-0.189	9.621	panchos
922	1632414495922	-0.085	-0.199	9.621	panchos
923	1632414495942	-0.104	-0.199	9.602	panchos
924	1632414495960	-0.095	-0.208	9.621	panchos
925	1632414495982	-0.095	-0.18	9.621	panchos
926	1632414496002	-0.104	-0.189	9.63	panchos
927	1632414496022	-0.075	-0.199	9.602	panchos
928	1632414496042	-0.085	-0.199	9.592	panchos
929	1632414496062	-0.066	-0.199	9.602	panchos
930	1632414496082	-0.104	-0.189	9.621	panchos
931	1632414496102	-0.095	-0.18	9.63	panchos
932	1632414496122	-0.095	-0.199	9.63	panchos
933	1632414496142	-0.085	-0.199	9.611	panchos
934	1632414496162	-0.095	-0.189	9.611	panchos
935	1632414496180	-0.075	-0.199	9.621	panchos
936	1632414496202	-0.104	-0.199	9.64	panchos
937	1632414496222	-0.114	-0.18	9.621	panchos
938	1632414496242	-0.075	-0.189	9.63	panchos
939	1632414496262	-0.095	-0.189	9.611	panchos
940	1632414496280	-0.114	-0.18	9.621	panchos
941	1632414496302	-0.085	-0.18	9.621	panchos
942	1632414496322	-0.085	-0.189	9.63	panchos
943	1632414496342	-0.104	-0.189	9.602	panchos
944	1632414496362	-0.075	-0.208	9.611	panchos
945	1632414496382	-0.133	-0.199	9.63	panchos
946	1632414496402	-0.104	-0.199	9.621	panchos
947	1632414496422	-0.095	-0.189	9.63	panchos
948	1632414496442	-0.123	-0.189	9.602	panchos
949	1632414496462	-0.104	-0.189	9.611	panchos
950	1632414496482	-0.066	-0.189	9.611	panchos
951	1632414496502	-0.085	-0.189	9.611	panchos
952	1632414496522	-0.095	-0.208	9.602	panchos
953	1632414496542	-0.075	-0.199	9.602	panchos
954	1632414496562	-0.104	-0.189	9.63	panchos
955	1632414496582	-0.095	-0.199	9.611	panchos
956	1632414496602	-0.075	-0.189	9.602	panchos
957	1632414496622	-0.095	-0.189	9.611	panchos
958	1632414496642	-0.104	-0.199	9.592	panchos
959	1632414496662	-0.104	-0.18	9.63	panchos
960	1632414496682	-0.104	-0.199	9.621	panchos
961	1632414496702	-0.104	-0.199	9.63	panchos
962	1632414496722	-0.085	-0.199	9.63	panchos
963	1632414496740	-0.104	-0.189	9.611	panchos
964	1632414496762	-0.114	-0.199	9.611	panchos
965	1632414496780	-0.104	-0.189	9.621	panchos
966	1632414496802	-0.095	-0.189	9.602	panchos
967	1632414496822	-0.095	-0.18	9.621	panchos
968	1632414496842	-0.114	-0.18	9.611	panchos
969	1632414496862	-0.104	-0.189	9.63	panchos
970	1632414496882	-0.095	-0.199	9.602	panchos
971	1632414496902	-0.095	-0.208	9.621	panchos
972	1632414496922	-0.095	-0.189	9.621	panchos
973	1632414496942	-0.085	-0.189	9.611	panchos
974	1632414496962	-0.095	-0.189	9.582	panchos
975	1632414496992	-0.085	-0.199	9.592	panchos
976	1632414497002	-0.066	-0.189	9.611	panchos
977	1632414497020	-0.085	-0.18	9.63	panchos
978	1632414497040	-0.114	-0.199	9.611	panchos
979	1632414497060	-0.095	-0.199	9.63	panchos
980	1632414497080	-0.123	-0.189	9.602	panchos
981	1632414497100	-0.085	-0.199	9.611	panchos
982	1632414497120	-0.114	-0.199	9.621	panchos
983	1632414497140	-0.104	-0.189	9.611	panchos
984	1632414497160	-0.095	-0.199	9.621	panchos
985	1632414497180	-0.095	-0.199	9.602	panchos
986	1632414497200	-0.104	-0.189	9.611	panchos
987	1632414497220	-0.075	-0.189	9.611	panchos
988	1632414497240	-0.123	-0.189	9.602	panchos
989	1632414497262	-0.095	-0.199	9.621	panchos
990	1632414497282	-0.104	-0.189	9.611	panchos
991	1632414497300	-0.085	-0.208	9.592	panchos
992	1632414497322	-0.095	-0.199	9.602	panchos
993	1632414497342	-0.114	-0.208	9.602	panchos
994	1632414497360	-0.104	-0.208	9.611	panchos
995	1632414497382	-0.104	-0.208	9.611	panchos
996	1632414497402	-0.104	-0.199	9.602	panchos
997	1632414497421	-0.104	-0.189	9.621	panchos
998	1632414497440	-0.114	-0.189	9.621	panchos
999	1632414497460	-0.104	-0.189	9.621	panchos
1000	1632414497480	-0.085	-0.199	9.611	panchos
1001	1632414497502	-0.085	-0.199	9.621	panchos
1002	1632414497522	-0.104	-0.189	9.611	panchos
1003	1632414497542	-0.114	-0.199	9.63	panchos
1004	1632414497562	-0.095	-0.208	9.611	panchos
1005	1632414497582	-0.095	-0.189	9.592	panchos
1006	1632414497602	-0.104	-0.18	9.611	panchos
1007	1632414497622	-0.095	-0.199	9.611	panchos
1008	1632414497642	-0.095	-0.189	9.611	panchos
1009	1632414497662	-0.095	-0.199	9.611	panchos
1010	1632414497682	-0.104	-0.189	9.621	panchos
1011	1632414497702	-0.085	-0.199	9.63	panchos
1012	1632414497722	-0.085	-0.199	9.611	panchos
1013	1632414497740	-0.114	-0.199	9.621	panchos
1014	1632414497760	-0.085	-0.199	9.621	panchos
1015	1632414497780	-0.104	-0.199	9.611	panchos
1016	1632414497800	-0.114	-0.189	9.63	panchos
1017	1632414497820	-0.104	-0.199	9.611	panchos
1018	1632414497842	-0.114	-0.189	9.611	panchos
1019	1632414497862	-0.123	-0.189	9.63	panchos
1020	1632414497882	-0.114	-0.189	9.64	panchos
1021	1632414497902	-0.104	-0.189	9.611	panchos
1022	1632414497922	-0.085	-0.189	9.63	panchos
1023	1632414497942	-0.095	-0.189	9.63	panchos
1024	1632414497962	-0.085	-0.218	9.621	panchos
1025	1632414497982	-0.095	-0.199	9.602	panchos
1026	1632414498002	-0.085	-0.189	9.63	panchos
1027	1632414498022	-0.104	-0.189	9.64	panchos
1028	1632414498042	-0.095	-0.199	9.621	panchos
1029	1632414498060	-0.114	-0.208	9.621	panchos
1030	1632414498082	-0.104	-0.18	9.611	panchos
1031	1632414498102	-0.104	-0.18	9.611	panchos
1032	1632414498122	-0.085	-0.189	9.63	panchos
1033	1632414498142	-0.104	-0.199	9.621	panchos
1034	1632414498162	-0.104	-0.199	9.611	panchos
1035	1632414498182	-0.075	-0.18	9.611	panchos
1036	1632414498202	-0.104	-0.208	9.63	panchos
1037	1632414498222	-0.104	-0.17	9.602	panchos
1038	1632414498242	-0.095	-0.199	9.611	panchos
1039	1632414498262	-0.114	-0.189	9.63	panchos
1040	1632414498280	-0.095	-0.199	9.64	panchos
1041	1632414498302	-0.095	-0.18	9.63	panchos
1042	1632414498322	-0.085	-0.189	9.621	panchos
1043	1632414498342	-0.104	-0.189	9.602	panchos
1044	1632414498362	-0.104	-0.199	9.602	panchos
1045	1632414498380	-0.085	-0.208	9.621	panchos
1046	1632414498400	-0.085	-0.18	9.621	panchos
1047	1632414498420	-0.104	-0.199	9.621	panchos
1048	1632414498440	-0.095	-0.199	9.611	panchos
1049	1632414498462	-0.075	-0.199	9.611	panchos
1050	1632414498488	-0.114	-0.189	9.592	panchos
1051	1632414498500	-0.104	-0.189	9.611	panchos
1052	1632414498520	-0.095	-0.189	9.602	panchos
1053	1632414498540	-0.114	-0.17	9.621	panchos
1054	1632414498560	-0.123	-0.199	9.63	panchos
1055	1632414498580	-0.085	-0.189	9.621	panchos
1056	1632414498600	-0.104	-0.199	9.621	panchos
1057	1632414498620	-0.123	-0.18	9.602	panchos
1058	1632414498642	-0.104	-0.189	9.63	panchos
1059	1632414498660	-0.085	-0.199	9.611	panchos
1060	1632414498680	-0.095	-0.199	9.63	panchos
1061	1632414498702	-0.114	-0.18	9.611	panchos
1062	1632414498722	-0.104	-0.18	9.64	panchos
1063	1632414498742	-0.123	-0.18	9.621	panchos
1064	1632414498760	-0.095	-0.18	9.611	panchos
1065	1632414498782	-0.085	-0.18	9.621	panchos
1066	1632414498802	-0.104	-0.199	9.63	panchos
1067	1632414498822	-0.104	-0.189	9.611	panchos
1068	1632414498842	-0.085	-0.199	9.602	panchos
1069	1632414498862	-0.085	-0.189	9.602	panchos
1070	1632414498882	-0.114	-0.189	9.611	panchos
1071	1632414498902	-0.095	-0.189	9.63	panchos
1072	1632414498922	-0.104	-0.199	9.611	panchos
1073	1632414498942	-0.075	-0.18	9.602	panchos
1074	1632414498962	-0.075	-0.199	9.602	panchos
1075	1632414498980	-0.085	-0.189	9.611	panchos
1076	1632414499000	-0.095	-0.189	9.63	panchos
1077	1632414499020	-0.095	-0.189	9.621	panchos
1078	1632414499040	-0.104	-0.189	9.611	panchos
1079	1632414499062	-0.095	-0.199	9.621	panchos
1080	1632414499082	-0.095	-0.189	9.611	panchos
1081	1632414499102	-0.104	-0.18	9.621	panchos
1082	1632414499122	-0.095	-0.189	9.621	panchos
1083	1632414499142	-0.123	-0.18	9.63	panchos
1084	1632414499162	-0.104	-0.18	9.611	panchos
1085	1632414499182	-0.114	-0.199	9.611	panchos
1086	1632414499202	-0.075	-0.18	9.611	panchos
1087	1632414499222	-0.085	-0.189	9.63	panchos
1088	1632414499242	-0.095	-0.17	9.611	panchos
1089	1632414499262	-0.085	-0.199	9.602	panchos
1090	1632414499280	-0.095	-0.199	9.621	panchos
1091	1632414499302	-0.095	-0.199	9.63	panchos
1092	1632414499322	-0.104	-0.208	9.621	panchos
1093	1632414499342	-0.104	-0.189	9.621	panchos
1094	1632414499362	-0.085	-0.199	9.63	panchos
1095	1632414499382	-0.095	-0.189	9.621	panchos
1096	1632414499402	-0.104	-0.18	9.602	panchos
1097	1632414499422	-0.104	-0.189	9.621	panchos
1098	1632414499441	-0.114	-0.18	9.621	panchos
1099	1632414499462	-0.095	-0.189	9.63	panchos
1100	1632414499482	-0.104	-0.199	9.611	panchos
1101	1632414499502	-0.104	-0.189	9.611	panchos
1102	1632414499522	-0.104	-0.199	9.621	panchos
1103	1632414499542	-0.095	-0.199	9.602	panchos
1104	1632414499562	-0.085	-0.189	9.611	panchos
1105	1632414499582	-0.104	-0.189	9.621	panchos
1106	1632414499602	-0.095	-0.189	9.63	panchos
1107	1632414499622	-0.066	-0.189	9.621	panchos
1108	1632414499642	-0.104	-0.199	9.611	panchos
1109	1632414499662	-0.095	-0.189	9.611	panchos
1110	1632414499680	-0.095	-0.189	9.621	panchos
1111	1632414499700	-0.085	-0.199	9.592	panchos
1112	1632414499720	-0.104	-0.199	9.621	panchos
1113	1632414499742	-0.095	-0.189	9.611	panchos
1114	1632414499762	-0.123	-0.199	9.63	panchos
1115	1632414499780	-0.095	-0.189	9.621	panchos
1116	1632414499800	-0.104	-0.189	9.63	panchos
1117	1632414499820	-0.114	-0.18	9.621	panchos
1118	1632414499840	-0.095	-0.208	9.621	panchos
1119	1632414499862	-0.104	-0.18	9.611	panchos
1120	1632414499880	-0.085	-0.199	9.602	panchos
1121	1632414499900	-0.104	-0.208	9.592	panchos
1122	1632414499922	-0.104	-0.218	9.602	panchos
1123	1632414499940	-0.095	-0.18	9.611	panchos
1124	1632414499960	-0.123	-0.189	9.602	panchos
1125	1632414499980	-0.114	-0.18	9.64	panchos
1126	1632414500000	-0.085	-0.208	9.611	panchos
1127	1632414500020	-0.104	-0.208	9.621	panchos
1128	1632414500040	-0.104	-0.189	9.602	panchos
1129	1632414500060	-0.104	-0.199	9.63	panchos
1130	1632414500082	-0.095	-0.199	9.611	panchos
1131	1632414500100	-0.085	-0.208	9.621	panchos
1132	1632414500120	-0.095	-0.189	9.611	panchos
1133	1632414500140	-0.095	-0.18	9.611	panchos
1134	1632414500160	-0.075	-0.199	9.611	panchos
1135	1632414500179	-0.085	-0.199	9.611	panchos
1136	1632414500200	-0.095	-0.189	9.602	panchos
1137	1632414500220	-0.085	-0.199	9.611	panchos
1138	1632414500240	-0.114	-0.18	9.63	panchos
1139	1632414500262	-0.104	-0.189	9.621	panchos
1140	1632414500282	-0.095	-0.208	9.611	panchos
1141	1632414500302	-0.085	-0.199	9.611	panchos
1142	1632414500320	-0.104	-0.208	9.63	panchos
1143	1632414500342	-0.075	-0.18	9.602	panchos
1144	1632414500362	-0.095	-0.199	9.592	panchos
1145	1632414500382	-0.095	-0.189	9.63	panchos
1146	1632414500402	-0.075	-0.189	9.611	panchos
1147	1632414500422	-0.104	-0.18	9.621	panchos
1148	1632414500442	-0.095	-0.199	9.611	panchos
1149	1632414500462	-0.075	-0.199	9.621	panchos
1150	1632414500482	-0.104	-0.189	9.602	panchos
1151	1632414500502	-0.104	-0.189	9.63	panchos
1152	1632414500521	-0.123	-0.18	9.621	panchos
1153	1632414500541	-0.114	-0.18	9.621	panchos
1154	1632414500562	-0.114	-0.189	9.64	panchos
1155	1632414500582	-0.123	-0.199	9.63	panchos
1156	1632414500602	-0.114	-0.199	9.621	panchos
1157	1632414500621	-0.104	-0.17	9.63	panchos
1158	1632414500642	-0.104	-0.18	9.621	panchos
1159	1632414500662	-0.114	-0.18	9.63	panchos
1160	1632414500682	-0.114	-0.189	9.611	panchos
1161	1632414500702	-0.104	-0.199	9.63	panchos
1162	1632414500722	-0.104	-0.189	9.63	panchos
1163	1632414500742	-0.085	-0.208	9.621	panchos
1164	1632414500762	-0.095	-0.18	9.602	panchos
1165	1632414500780	-0.095	-0.17	9.602	panchos
1166	1632414500802	-0.123	-0.199	9.64	panchos
1167	1632414500822	-0.104	-0.208	9.602	panchos
1168	1632414500842	-0.104	-0.189	9.611	panchos
1169	1632414500862	-0.104	-0.189	9.621	panchos
1170	1632414500882	-0.095	-0.208	9.63	panchos
1171	1632414500902	-0.085	-0.189	9.602	panchos
1172	1632414500922	-0.104	-0.199	9.611	panchos
1173	1632414500942	-0.104	-0.189	9.611	panchos
1174	1632414500962	-0.095	-0.189	9.611	panchos
1175	1632414500980	-0.085	-0.189	9.611	panchos
1176	1632414501000	-0.104	-0.199	9.611	panchos
1177	1632414501022	-0.066	-0.18	9.602	panchos
1178	1632414501042	-0.085	-0.199	9.611	panchos
1179	1632414501060	-0.095	-0.189	9.611	panchos
1180	1632414501082	-0.095	-0.199	9.621	panchos
1181	1632414501102	-0.085	-0.199	9.621	panchos
1182	1632414501122	-0.114	-0.189	9.611	panchos
1183	1632414501140	-0.114	-0.18	9.611	panchos
1184	1632414501162	-0.085	-0.18	9.621	panchos
1185	1632414501182	-0.123	-0.189	9.621	panchos
1186	1632414501202	-0.114	-0.18	9.63	panchos
1187	1632414501222	-0.114	-0.189	9.592	panchos
1188	1632414501242	-0.085	-0.17	9.63	panchos
1189	1632414501262	-0.123	-0.189	9.621	panchos
1190	1632414501280	-0.095	-0.218	9.611	panchos
1191	1632414501302	-0.104	-0.199	9.611	panchos
1192	1632414501322	-0.066	-0.189	9.611	panchos
1193	1632414501342	-0.114	-0.199	9.63	panchos
1194	1632414501362	-0.095	-0.18	9.621	panchos
1195	1632414501382	-0.104	-0.189	9.602	panchos
1196	1632414501402	-0.114	-0.189	9.621	panchos
1197	1632414501422	-0.085	-0.189	9.65	panchos
1198	1632414501442	-0.104	-0.18	9.63	panchos
1199	1632414501462	-0.114	-0.17	9.64	panchos
1200	1632414501480	-0.133	-0.189	9.621	panchos
1201	1632414501500	-0.104	-0.18	9.621	panchos
1202	1632414501520	-0.095	-0.189	9.621	panchos
1203	1632414501540	-0.123	-0.199	9.65	panchos
1204	1632414501560	-0.085	-0.18	9.621	panchos
1205	1632414501580	-0.095	-0.189	9.63	panchos
1206	1632414501602	-0.095	-0.208	9.611	panchos
1207	1632414501622	-0.095	-0.189	9.64	panchos
1208	1632414501640	-0.123	-0.18	9.64	panchos
1209	1632414501662	-0.104	-0.189	9.611	panchos
1210	1632414501680	-0.104	-0.189	9.63	panchos
1211	1632414501702	-0.114	-0.18	9.621	panchos
1212	1632414501722	-0.085	-0.161	9.611	panchos
1213	1632414501742	-0.085	-0.208	9.611	panchos
1214	1632414501762	-0.085	-0.189	9.602	panchos
1215	1632414501780	-0.104	-0.189	9.602	panchos
1216	1632414501800	-0.104	-0.189	9.64	panchos
1217	1632414501820	-0.114	-0.208	9.64	panchos
1218	1632414501840	-0.114	-0.199	9.621	panchos
1219	1632414501860	-0.123	-0.199	9.602	panchos
1220	1632414501880	-0.095	-0.189	9.621	panchos
1221	1632414501901	-0.114	-0.18	9.63	panchos
1222	1632414501921	-0.114	-0.18	9.611	panchos
1223	1632414501940	-0.085	-0.18	9.621	panchos
1224	1632414501960	-0.123	-0.208	9.621	panchos
1225	1632414501982	-0.085	-0.199	9.611	panchos
1226	1632414502002	-0.095	-0.199	9.621	panchos
1227	1632414502020	-0.104	-0.199	9.611	panchos
1228	1632414502040	-0.095	-0.189	9.63	panchos
1229	1632414502062	-0.095	-0.17	9.621	panchos
1230	1632414502082	-0.085	-0.17	9.621	panchos
1231	1632414502102	-0.095	-0.189	9.621	panchos
1232	1632414502120	-0.114	-0.18	9.621	panchos
1233	1632414502142	-0.133	-0.18	9.63	panchos
1234	1632414502162	-0.114	-0.189	9.63	panchos
1235	1632414502182	-0.104	-0.199	9.611	panchos
1236	1632414502202	-0.104	-0.199	9.621	panchos
1237	1632414502222	-0.095	-0.189	9.602	panchos
1238	1632414502240	-0.095	-0.199	9.63	panchos
1239	1632414502260	-0.085	-0.189	9.63	panchos
1240	1632414502280	-0.095	-0.199	9.611	panchos
1241	1632414502302	-0.095	-0.189	9.611	panchos
1242	1632414502322	-0.114	-0.189	9.611	panchos
1243	1632414502342	-0.095	-0.199	9.63	panchos
1244	1632414502362	-0.104	-0.18	9.621	panchos
1245	1632414502380	-0.095	-0.189	9.592	panchos
1246	1632414502400	-0.104	-0.189	9.611	panchos
1247	1632414502422	-0.085	-0.199	9.611	panchos
1248	1632414502442	-0.095	-0.199	9.63	panchos
1249	1632414502462	-0.095	-0.18	9.63	panchos
1250	1632414502482	-0.114	-0.199	9.63	panchos
1251	1632414502501	-0.114	-0.18	9.63	panchos
1252	1632414502522	-0.123	-0.199	9.621	panchos
1253	1632414502540	-0.085	-0.18	9.602	panchos
1254	1632414502562	-0.104	-0.199	9.602	panchos
1255	1632414502582	-0.085	-0.189	9.611	panchos
1256	1632414502602	-0.104	-0.199	9.611	panchos
1257	1632414502622	-0.095	-0.199	9.611	panchos
1258	1632414502642	-0.123	-0.189	9.621	panchos
1259	1632414502662	-0.095	-0.189	9.621	panchos
1260	1632414502680	-0.095	-0.189	9.611	panchos
1261	1632414502702	-0.095	-0.189	9.602	panchos
1262	1632414502722	-0.095	-0.189	9.621	panchos
1263	1632414502742	-0.085	-0.199	9.63	panchos
1264	1632414502762	-0.104	-0.208	9.621	panchos
1265	1632414502782	-0.095	-0.189	9.621	panchos
1266	1632414502800	-0.114	-0.18	9.621	panchos
1267	1632414502820	-0.085	-0.189	9.611	panchos
1268	1632414502840	-0.123	-0.199	9.621	panchos
1269	1632414502860	-0.104	-0.18	9.611	panchos
1270	1632414502880	-0.085	-0.18	9.64	panchos
1271	1632414502900	-0.104	-0.18	9.64	panchos
1272	1632414502920	-0.133	-0.189	9.63	panchos
1273	1632414502940	-0.085	-0.189	9.63	panchos
1274	1632414502962	-0.114	-0.208	9.611	panchos
1275	1632414502980	-0.114	-0.189	9.64	panchos
1276	1632414503000	-0.104	-0.189	9.63	panchos
1277	1632414503020	-0.095	-0.18	9.611	panchos
1278	1632414503040	-0.095	-0.189	9.621	panchos
1279	1632414503060	-0.104	-0.189	9.621	panchos
1280	1632414503080	-0.123	-0.189	9.602	panchos
1281	1632414503102	-0.104	-0.218	9.611	panchos
1282	1632414503122	-0.075	-0.18	9.602	panchos
1283	1632414503140	-0.114	-0.189	9.611	panchos
1284	1632414503160	-0.114	-0.199	9.611	panchos
1285	1632414503180	-0.104	-0.189	9.63	panchos
1286	1632414503200	-0.104	-0.18	9.621	panchos
1287	1632414503222	-0.095	-0.189	9.611	panchos
1288	1632414503242	-0.114	-0.199	9.611	panchos
1289	1632414503262	-0.114	-0.199	9.611	panchos
1290	1632414503280	-0.085	-0.208	9.611	panchos
1291	1632414503302	-0.095	-0.18	9.621	panchos
1292	1632414503322	-0.085	-0.199	9.582	panchos
1293	1632414503342	-0.123	-0.189	9.621	panchos
1294	1632414503362	-0.095	-0.199	9.621	panchos
1295	1632414503382	-0.104	-0.189	9.621	panchos
1296	1632414503402	-0.123	-0.189	9.63	panchos
1297	1632414503422	-0.104	-0.18	9.621	panchos
1298	1632414503440	-0.114	-0.189	9.602	panchos
1299	1632414503462	-0.085	-0.199	9.602	panchos
1300	1632414503480	-0.085	-0.189	9.621	panchos
1301	1632414503501	-0.104	-0.189	9.611	panchos
1302	1632414503520	-0.114	-0.189	9.63	panchos
1303	1632414503540	-0.114	-0.189	9.64	panchos
1304	1632414503562	-0.114	-0.189	9.611	panchos
1305	1632414503580	-0.123	-0.18	9.621	panchos
1306	1632414503601	-0.085	-0.189	9.611	panchos
1307	1632414503620	-0.095	-0.189	9.63	panchos
1308	1632414503642	-0.095	-0.189	9.64	panchos
1309	1632414503660	-0.095	-0.17	9.63	panchos
1310	1632414503681	-0.104	-0.189	9.621	panchos
1311	1632414503701	-0.095	-0.17	9.611	panchos
1312	1632414503722	-0.104	-0.189	9.621	panchos
1313	1632414503742	-0.114	-0.189	9.64	panchos
1314	1632414503762	-0.104	-0.17	9.63	panchos
1315	1632414503782	-0.123	-0.18	9.63	panchos
1316	1632414503800	-0.085	-0.189	9.611	panchos
1317	1632414503822	-0.095	-0.189	9.611	panchos
1318	1632414503842	-0.104	-0.189	9.602	panchos
1319	1632414503860	-0.114	-0.18	9.63	panchos
1320	1632414503882	-0.095	-0.189	9.64	panchos
1321	1632414503900	-0.095	-0.189	9.611	panchos
1322	1632414503922	-0.123	-0.189	9.63	panchos
1323	1632414503942	-0.114	-0.199	9.63	panchos
1324	1632414503962	-0.123	-0.199	9.621	panchos
1325	1632414503982	-0.123	-0.189	9.621	panchos
1326	1632414504002	-0.123	-0.18	9.64	panchos
1327	1632414504022	-0.104	-0.17	9.621	panchos
1328	1632414504040	-0.095	-0.199	9.611	panchos
1329	1632414504062	-0.123	-0.208	9.611	panchos
1330	1632414504082	-0.114	-0.199	9.63	panchos
1331	1632414504102	-0.095	-0.189	9.621	panchos
1332	1632414504120	-0.114	-0.189	9.63	panchos
1333	1632414504142	-0.104	-0.189	9.63	panchos
1334	1632414504161	-0.123	-0.189	9.611	panchos
1335	1632414504182	-0.114	-0.18	9.63	panchos
1336	1632414504202	-0.123	-0.18	9.621	panchos
1337	1632414504222	-0.095	-0.208	9.611	panchos
1338	1632414504240	-0.095	-0.199	9.621	panchos
1339	1632414504262	-0.114	-0.199	9.621	panchos
1340	1632414504282	-0.095	-0.18	9.63	panchos
1341	1632414504302	-0.085	-0.18	9.611	panchos
1342	1632414504322	-0.123	-0.18	9.611	panchos
1343	1632414504340	-0.075	-0.189	9.63	panchos
1344	1632414504361	-0.123	-0.199	9.611	panchos
1345	1632414504380	-0.095	-0.18	9.621	panchos
1346	1632414504401	-0.095	-0.18	9.602	panchos
1347	1632414504422	-0.104	-0.218	9.621	panchos
1348	1632414504442	-0.085	-0.18	9.621	panchos
1349	1632414504460	-0.123	-0.199	9.621	panchos
1350	1632414504480	-0.095	-0.189	9.621	panchos
1351	1632414504500	-0.114	-0.189	9.611	panchos
1352	1632414504520	-0.104	-0.189	9.621	panchos
1353	1632414504540	-0.095	-0.189	9.602	panchos
1354	1632414504560	-0.085	-0.199	9.611	panchos
1355	1632414504580	-0.114	-0.208	9.611	panchos
1356	1632414504602	-0.104	-0.208	9.602	panchos
1357	1632414504622	-0.095	-0.189	9.611	panchos
1358	1632414504642	-0.123	-0.18	9.611	panchos
1359	1632414504662	-0.095	-0.189	9.611	panchos
1360	1632414504680	-0.114	-0.189	9.621	panchos
1361	1632414504702	-0.095	-0.199	9.602	panchos
1362	1632414504722	-0.095	-0.18	9.611	panchos
1363	1632414504742	-0.114	-0.189	9.63	panchos
1364	1632414504762	-0.123	-0.189	9.621	panchos
1365	1632414504782	-0.095	-0.199	9.611	panchos
1366	1632414504800	-0.095	-0.189	9.611	panchos
1367	1632414504820	-0.114	-0.189	9.592	panchos
1368	1632414504840	-0.085	-0.199	9.602	panchos
1369	1632414504860	-0.085	-0.199	9.611	panchos
1370	1632414504880	-0.095	-0.189	9.63	panchos
1371	1632414504900	-0.095	-0.189	9.611	panchos
1372	1632414504920	-0.104	-0.218	9.602	panchos
1373	1632414504940	-0.104	-0.189	9.611	panchos
1374	1632414504960	-0.104	-0.18	9.611	panchos
1375	1632414504980	-0.114	-0.189	9.602	panchos
1376	1632414505000	-0.095	-0.17	9.64	panchos
1377	1632414505019	-0.075	-0.17	9.621	panchos
1378	1632414505041	-0.114	-0.18	9.621	panchos
1379	1632414505060	-0.114	-0.18	9.611	panchos
1380	1632414505080	-0.133	-0.199	9.63	panchos
1381	1632414505100	-0.104	-0.18	9.611	panchos
1382	1632414505120	-0.104	-0.208	9.621	panchos
1383	1632414505140	-0.133	-0.189	9.63	panchos
1384	1632414505160	-0.114	-0.189	9.621	panchos
1385	1632414505180	-0.104	-0.199	9.611	panchos
1386	1632414505200	-0.104	-0.199	9.611	panchos
1387	1632414505220	-0.095	-0.189	9.63	panchos
1388	1632414505240	-0.123	-0.17	9.63	panchos
1389	1632414505260	-0.075	-0.189	9.63	panchos
1390	1632414505280	-0.095	-0.199	9.611	panchos
1391	1632414505300	-0.104	-0.199	9.611	panchos
1392	1632414505320	-0.123	-0.199	9.621	panchos
1393	1632414505340	-0.095	-0.189	9.611	panchos
1394	1632414505360	-0.114	-0.199	9.611	panchos
1395	1632414505380	-0.114	-0.189	9.621	panchos
1396	1632414505400	-0.095	-0.208	9.63	panchos
1397	1632414505420	-0.104	-0.189	9.63	panchos
1398	1632414505440	-0.114	-0.18	9.63	panchos
1399	1632414505460	-0.114	-0.18	9.64	panchos
1400	1632414505480	-0.104	-0.18	9.621	panchos
1401	1632414505500	-0.114	-0.199	9.63	panchos
1402	1632414505520	-0.114	-0.189	9.63	panchos
1403	1632414505540	-0.095	-0.18	9.63	panchos
1404	1632414505560	-0.133	-0.189	9.611	panchos
1405	1632414505580	-0.104	-0.18	9.611	panchos
1406	1632414505600	-0.085	-0.161	9.63	panchos
1407	1632414505620	-0.104	-0.189	9.611	panchos
1408	1632414505640	-0.104	-0.189	9.63	panchos
1409	1632414505660	-0.085	-0.17	9.64	panchos
1410	1632414505680	-0.104	-0.18	9.621	panchos
1411	1632414505700	-0.104	-0.189	9.63	panchos
1412	1632414505720	-0.114	-0.189	9.611	panchos
1413	1632414505740	-0.114	-0.17	9.621	panchos
1414	1632414505760	-0.095	-0.17	9.611	panchos
1415	1632414505780	-0.123	-0.189	9.621	panchos
1416	1632414505799	-0.095	-0.189	9.621	panchos
1417	1632414505820	-0.095	-0.18	9.63	panchos
1418	1632414505840	-0.104	-0.189	9.611	panchos
1419	1632414505860	-0.104	-0.18	9.611	panchos
1420	1632414505880	-0.104	-0.189	9.621	panchos
1421	1632414505900	-0.123	-0.189	9.611	panchos
1422	1632414505920	-0.095	-0.17	9.611	panchos
1423	1632414505940	-0.095	-0.199	9.621	panchos
1424	1632414505960	-0.085	-0.199	9.602	panchos
1425	1632414505980	-0.104	-0.18	9.621	panchos
1426	1632414506000	-0.104	-0.18	9.611	panchos
1427	1632414506020	-0.114	-0.18	9.63	panchos
1428	1632414506040	-0.123	-0.189	9.621	panchos
1429	1632414506060	-0.133	-0.199	9.621	panchos
1430	1632414506079	-0.123	-0.18	9.63	panchos
1431	1632414506100	-0.095	-0.199	9.592	panchos
1432	1632414506119	-0.095	-0.208	9.611	panchos
1433	1632414506139	-0.095	-0.189	9.621	panchos
1434	1632414506159	-0.123	-0.189	9.621	panchos
1435	1632414506179	-0.104	-0.18	9.621	panchos
1436	1632414506199	-0.133	-0.189	9.64	panchos
1437	1632414506219	-0.095	-0.18	9.611	panchos
1438	1632414506239	-0.095	-0.18	9.621	panchos
1439	1632414506260	-0.095	-0.199	9.611	panchos
1440	1632414506280	-0.104	-0.199	9.621	panchos
1441	1632414506299	-0.095	-0.18	9.621	panchos
1442	1632414506320	-0.104	-0.199	9.602	panchos
1443	1632414506339	-0.114	-0.189	9.63	panchos
1444	1632414506359	-0.095	-0.189	9.63	panchos
1445	1632414506380	-0.095	-0.161	9.611	panchos
1446	1632414506399	-0.114	-0.18	9.621	panchos
1447	1632414506420	-0.104	-0.17	9.611	panchos
1448	1632414506439	-0.114	-0.199	9.611	panchos
1449	1632414506460	-0.104	-0.18	9.611	panchos
1450	1632414506480	-0.123	-0.18	9.63	panchos
1451	1632414506500	-0.133	-0.189	9.63	panchos
1452	1632414506520	-0.114	-0.17	9.621	panchos
1453	1632414506539	-0.114	-0.189	9.63	panchos
1454	1632414506559	-0.114	-0.189	9.611	panchos
1455	1632414506580	-0.123	-0.208	9.63	panchos
1456	1632414506600	-0.095	-0.189	9.602	panchos
1457	1632414506620	-0.114	-0.189	9.592	panchos
1458	1632414506640	-0.095	-0.17	9.611	panchos
1459	1632414506660	-0.104	-0.189	9.621	panchos
1460	1632414506680	-0.114	-0.18	9.611	panchos
1461	1632414506700	-0.104	-0.199	9.63	panchos
1462	1632414506720	-0.104	-0.189	9.611	panchos
1463	1632414506740	-0.123	-0.189	9.621	panchos
1464	1632414506759	-0.104	-0.189	9.602	panchos
1465	1632414506779	-0.095	-0.189	9.621	panchos
1466	1632414506799	-0.133	-0.189	9.621	panchos
1467	1632414506819	-0.123	-0.199	9.611	panchos
1468	1632414506839	-0.095	-0.18	9.621	panchos
1469	1632414506859	-0.095	-0.199	9.621	panchos
1470	1632414506879	-0.104	-0.18	9.602	panchos
1471	1632414506899	-0.095	-0.18	9.621	panchos
1472	1632414506919	-0.104	-0.189	9.611	panchos
1473	1632414506939	-0.095	-0.18	9.621	panchos
1474	1632414506959	-0.085	-0.189	9.602	panchos
1475	1632414506979	-0.123	-0.189	9.611	panchos
1476	1632414506999	-0.123	-0.199	9.621	panchos
1477	1632414507019	-0.123	-0.199	9.611	panchos
1478	1632414507039	-0.104	-0.189	9.611	panchos
1479	1632414507059	-0.114	-0.189	9.611	panchos
1480	1632414507080	-0.143	-0.189	9.63	panchos
1481	1632414507100	-0.114	-0.18	9.621	panchos
1482	1632414507120	-0.104	-0.189	9.602	panchos
1483	1632414507140	-0.095	-0.189	9.602	panchos
1484	1632414507160	-0.114	-0.199	9.621	panchos
1485	1632414507180	-0.095	-0.17	9.63	panchos
1486	1632414507200	-0.095	-0.18	9.63	panchos
1487	1632414507219	-0.104	-0.189	9.611	panchos
1488	1632414507240	-0.075	-0.18	9.621	panchos
1489	1632414507259	-0.104	-0.17	9.621	panchos
1490	1632414507279	-0.095	-0.189	9.602	panchos
1491	1632414507300	-0.104	-0.18	9.621	panchos
1492	1632414507319	-0.104	-0.18	9.602	panchos
1493	1632414507340	-0.085	-0.18	9.621	panchos
1494	1632414507360	-0.095	-0.18	9.602	panchos
1495	1632414507379	-0.104	-0.18	9.63	panchos
1496	1632414507400	-0.095	-0.18	9.611	panchos
1497	1632414507419	-0.104	-0.208	9.592	panchos
1498	1632414507439	-0.095	-0.199	9.621	panchos
1499	1632414507459	-0.123	-0.18	9.621	panchos
1500	1632414507480	-0.123	-0.189	9.621	panchos
1501	1632414507502	-0.114	-0.189	9.63	panchos
1502	1632414507520	-0.114	-0.18	9.611	panchos
1503	1632414507540	-0.095	-0.18	9.63	panchos
1504	1632414507560	-0.114	-0.189	9.621	panchos
1505	1632414507580	-0.133	-0.17	9.63	panchos
1506	1632414507599	-0.104	-0.189	9.65	panchos
1507	1632414507620	-0.104	-0.189	9.621	panchos
1508	1632414507640	-0.104	-0.18	9.63	panchos
1509	1632414507660	-0.095	-0.189	9.621	panchos
1510	1632414507680	-0.114	-0.18	9.621	panchos
1511	1632414507700	-0.104	-0.189	9.63	panchos
1512	1632414507720	-0.133	-0.18	9.621	panchos
1513	1632414507740	-0.114	-0.189	9.63	panchos
1514	1632414507760	-0.114	-0.199	9.63	panchos
1515	1632414507780	-0.133	-0.189	9.621	panchos
1516	1632414507800	-0.123	-0.18	9.621	panchos
1517	1632414507820	-0.123	-0.17	9.611	panchos
1518	1632414507840	-0.104	-0.17	9.611	panchos
1519	1632414507859	-0.104	-0.17	9.64	panchos
1520	1632414507880	-0.114	-0.18	9.63	panchos
1521	1632414507900	-0.095	-0.189	9.611	panchos
1522	1632414507920	-0.114	-0.189	9.611	panchos
1523	1632414507940	-0.085	-0.189	9.621	panchos
1524	1632414507960	-0.133	-0.189	9.63	panchos
1525	1632414507980	-0.104	-0.18	9.621	panchos
1526	1632414507999	-0.104	-0.199	9.621	panchos
1527	1632414508019	-0.104	-0.199	9.592	panchos
1528	1632414508040	-0.075	-0.189	9.611	panchos
1529	1632414508060	-0.095	-0.199	9.611	panchos
1530	1632414508079	-0.104	-0.18	9.592	panchos
1531	1632414508100	-0.104	-0.189	9.621	panchos
1532	1632414508119	-0.085	-0.189	9.611	panchos
1533	1632414508139	-0.085	-0.189	9.611	panchos
1534	1632414508159	-0.085	-0.208	9.621	panchos
1535	1632414508179	-0.104	-0.189	9.602	panchos
1536	1632414508199	-0.104	-0.189	9.602	panchos
1537	1632414508219	-0.114	-0.189	9.602	panchos
1538	1632414508239	-0.095	-0.18	9.602	panchos
1539	1632414508259	-0.104	-0.189	9.611	panchos
1540	1632414508279	-0.075	-0.189	9.621	panchos
1541	1632414508299	-0.104	-0.189	9.611	panchos
1542	1632414508320	-0.114	-0.189	9.611	panchos
1543	1632414508339	-0.123	-0.18	9.621	panchos
1544	1632414508359	-0.114	-0.18	9.621	panchos
1545	1632414508380	-0.104	-0.18	9.611	panchos
1546	1632414508400	-0.095	-0.189	9.621	panchos
1547	1632414508420	-0.095	-0.189	9.611	panchos
1548	1632414508440	-0.114	-0.189	9.611	panchos
1549	1632414508459	-0.104	-0.17	9.602	panchos
1550	1632414508480	-0.104	-0.189	9.621	panchos
1551	1632414508499	-0.085	-0.199	9.611	panchos
1552	1632414508519	-0.114	-0.189	9.611	panchos
1553	1632414508540	-0.114	-0.199	9.64	panchos
1554	1632414508560	-0.095	-0.18	9.621	panchos
1555	1632414508580	-0.123	-0.18	9.602	panchos
1556	1632414508600	-0.123	-0.189	9.63	panchos
1557	1632414508620	-0.104	-0.199	9.602	panchos
1558	1632414508640	-0.085	-0.18	9.611	panchos
1559	1632414508660	-0.104	-0.18	9.621	panchos
1560	1632414508682	-0.104	-0.17	9.621	panchos
1561	1632414508702	-0.114	-0.18	9.63	panchos
1562	1632414508722	-0.133	-0.189	9.621	panchos
1563	1632414508740	-0.123	-0.189	9.611	panchos
1564	1632414508760	-0.095	-0.18	9.64	panchos
1565	1632414508782	-0.095	-0.199	9.602	panchos
1566	1632414508800	-0.095	-0.199	9.592	panchos
1567	1632414508820	-0.104	-0.18	9.621	panchos
1568	1632414508840	-0.114	-0.199	9.621	panchos
1569	1632414508860	-0.104	-0.18	9.63	panchos
1570	1632414508880	-0.114	-0.189	9.611	panchos
1571	1632414508900	-0.104	-0.189	9.611	panchos
1572	1632414508920	-0.104	-0.199	9.63	panchos
1573	1632414508940	-0.114	-0.18	9.621	panchos
1574	1632414508960	-0.123	-0.18	9.602	panchos
1575	1632414508980	-0.104	-0.18	9.621	panchos
1576	1632414509000	-0.104	-0.18	9.63	panchos
1577	1632414509020	-0.133	-0.17	9.64	panchos
1578	1632414509040	-0.104	-0.17	9.63	panchos
1579	1632414509060	-0.085	-0.18	9.602	panchos
1580	1632414509080	-0.095	-0.189	9.602	panchos
1581	1632414509100	-0.104	-0.18	9.621	panchos
1582	1632414509120	-0.123	-0.18	9.63	panchos
1583	1632414509140	-0.114	-0.18	9.621	panchos
1584	1632414509160	-0.114	-0.18	9.63	panchos
1585	1632414509180	-0.114	-0.18	9.611	panchos
1586	1632414509200	-0.095	-0.18	9.621	panchos
1587	1632414509220	-0.114	-0.161	9.611	panchos
1588	1632414509240	-0.104	-0.208	9.611	panchos
1589	1632414509260	-0.104	-0.18	9.621	panchos
1590	1632414509280	-0.114	-0.189	9.602	panchos
1591	1632414509300	-0.133	-0.189	9.63	panchos
1592	1632414509320	-0.104	-0.189	9.611	panchos
1593	1632414509340	-0.104	-0.189	9.621	panchos
1594	1632414509362	-0.095	-0.18	9.611	panchos
1595	1632414509382	-0.123	-0.189	9.611	panchos
1596	1632414509402	-0.104	-0.18	9.621	panchos
1597	1632414509422	-0.104	-0.18	9.63	panchos
1598	1632414509442	-0.123	-0.17	9.63	panchos
1599	1632414509462	-0.095	-0.18	9.621	panchos
1600	1632414509480	-0.114	-0.18	9.65	panchos
1601	1632414509502	-0.123	-0.18	9.621	panchos
1602	1632414509522	-0.104	-0.199	9.63	panchos
1603	1632414509540	-0.114	-0.189	9.63	panchos
1604	1632414509560	-0.133	-0.18	9.621	panchos
1605	1632414509580	-0.104	-0.18	9.611	panchos
1606	1632414509602	-0.114	-0.18	9.63	panchos
1607	1632414509622	-0.104	-0.18	9.611	panchos
1608	1632414509642	-0.104	-0.189	9.621	panchos
1609	1632414509660	-0.104	-0.189	9.63	panchos
1610	1632414509680	-0.114	-0.18	9.64	panchos
1611	1632414509702	-0.095	-0.18	9.621	panchos
1612	1632414509722	-0.114	-0.189	9.611	panchos
1613	1632414509742	-0.104	-0.17	9.63	panchos
1614	1632414509762	-0.095	-0.18	9.611	panchos
1615	1632414509782	-0.104	-0.189	9.63	panchos
1616	1632414509802	-0.104	-0.18	9.621	panchos
1617	1632414509820	-0.114	-0.189	9.621	panchos
1618	1632414509841	-0.114	-0.18	9.611	panchos
1619	1632414509860	-0.114	-0.189	9.611	panchos
1620	1632414509882	-0.095	-0.18	9.63	panchos
1621	1632414509901	-0.095	-0.189	9.611	panchos
1622	1632414509920	-0.104	-0.199	9.611	panchos
1623	1632414509940	-0.104	-0.208	9.611	panchos
1624	1632414509960	-0.133	-0.189	9.63	panchos
1625	1632414509980	-0.104	-0.199	9.611	panchos
1626	1632414510000	-0.104	-0.189	9.621	panchos
1627	1632414510020	-0.095	-0.18	9.63	panchos
1628	1632414510040	-0.104	-0.17	9.621	panchos
1629	1632414510060	-0.095	-0.189	9.592	panchos
1630	1632414510080	-0.123	-0.18	9.63	panchos
1631	1632414510100	-0.114	-0.18	9.621	panchos
1632	1632414510120	-0.114	-0.18	9.611	panchos
1633	1632414510142	-0.114	-0.17	9.64	panchos
1634	1632414510162	-0.123	-0.18	9.621	panchos
1635	1632414510182	-0.123	-0.18	9.621	panchos
1636	1632414510202	-0.133	-0.189	9.621	panchos
1637	1632414510222	-0.104	-0.17	9.63	panchos
1638	1632414510242	-0.114	-0.161	9.63	panchos
1639	1632414510262	-0.123	-0.18	9.611	panchos
1640	1632414510280	-0.095	-0.18	9.611	panchos
1641	1632414510302	-0.104	-0.189	9.611	panchos
1642	1632414510322	-0.114	-0.18	9.621	panchos
1643	1632414510342	-0.114	-0.161	9.611	panchos
1644	1632414510360	-0.114	-0.189	9.611	panchos
1645	1632414510382	-0.095	-0.189	9.63	panchos
1646	1632414510402	-0.114	-0.17	9.63	panchos
1647	1632414510422	-0.114	-0.17	9.64	panchos
1648	1632414510440	-0.114	-0.18	9.621	panchos
1649	1632414510461	-0.095	-0.18	9.602	panchos
1650	1632414510480	-0.075	-0.17	9.592	panchos
1651	1632414510500	-0.123	-0.189	9.611	panchos
1652	1632414510520	-0.095	-0.189	9.621	panchos
1653	1632414510540	-0.095	-0.17	9.611	panchos
1654	1632414510560	-0.104	-0.199	9.621	panchos
1655	1632414510580	-0.095	-0.189	9.621	panchos
1656	1632414510600	-0.104	-0.199	9.64	panchos
1657	1632414510620	-0.085	-0.199	9.621	panchos
1658	1632414510640	-0.104	-0.18	9.611	panchos
1659	1632414510660	-0.114	-0.189	9.602	panchos
1660	1632414510680	-0.104	-0.18	9.621	panchos
1661	1632414510700	-0.104	-0.17	9.64	panchos
1662	1632414510722	-0.114	-0.189	9.64	panchos
1663	1632414510740	-0.104	-0.18	9.621	panchos
1664	1632414510760	-0.114	-0.189	9.621	panchos
1665	1632414510782	-0.104	-0.189	9.621	panchos
1666	1632414510800	-0.114	-0.18	9.621	panchos
1667	1632414510822	-0.133	-0.189	9.64	panchos
1668	1632414510840	-0.123	-0.199	9.611	panchos
1669	1632414510860	-0.095	-0.17	9.611	panchos
1670	1632414510880	-0.104	-0.18	9.63	panchos
1671	1632414510900	-0.095	-0.18	9.611	panchos
1672	1632414510920	-0.104	-0.199	9.611	panchos
1673	1632414510940	-0.114	-0.189	9.611	panchos
1674	1632414510960	-0.114	-0.189	9.621	panchos
1675	1632414510980	-0.104	-0.189	9.621	panchos
1676	1632414511000	-0.104	-0.218	9.611	panchos
1677	1632414511020	-0.085	-0.189	9.611	panchos
1678	1632414511040	-0.114	-0.199	9.611	panchos
1679	1632414511062	-0.095	-0.189	9.63	panchos
1680	1632414511080	-0.104	-0.18	9.611	panchos
1681	1632414511100	-0.095	-0.189	9.621	panchos
1682	1632414511120	-0.114	-0.189	9.64	panchos
1683	1632414511140	-0.075	-0.189	9.621	panchos
1684	1632414511160	-0.095	-0.18	9.63	panchos
1685	1632414511180	-0.114	-0.18	9.64	panchos
1686	1632414511200	-0.104	-0.18	9.611	panchos
1687	1632414511222	-0.104	-0.189	9.611	panchos
1688	1632414511242	-0.114	-0.161	9.63	panchos
1689	1632414511262	-0.085	-0.18	9.621	panchos
1690	1632414511280	-0.104	-0.18	9.611	panchos
1691	1632414511300	-0.123	-0.18	9.621	panchos
1692	1632414511320	-0.114	-0.199	9.63	panchos
1693	1632414511340	-0.123	-0.17	9.63	panchos
1694	1632414511362	-0.104	-0.189	9.611	panchos
1695	1632414511382	-0.104	-0.18	9.63	panchos
1696	1632414511402	-0.104	-0.189	9.63	panchos
1697	1632414511420	-0.104	-0.18	9.63	panchos
1698	1632414511442	-0.104	-0.18	9.621	panchos
1699	1632414511460	-0.114	-0.189	9.64	panchos
1700	1632414511480	-0.104	-0.17	9.602	panchos
1701	1632414511500	-0.114	-0.18	9.63	panchos
1702	1632414511522	-0.114	-0.189	9.611	panchos
1703	1632414511540	-0.104	-0.189	9.611	panchos
1704	1632414511560	-0.114	-0.18	9.592	panchos
1705	1632414511580	-0.095	-0.18	9.63	panchos
1706	1632414511600	-0.114	-0.189	9.63	panchos
1707	1632414511620	-0.104	-0.199	9.621	panchos
1708	1632414511640	-0.114	-0.161	9.621	panchos
1709	1632414511660	-0.104	-0.18	9.64	panchos
1710	1632414511680	-0.095	-0.189	9.592	panchos
1711	1632414511700	-0.095	-0.17	9.63	panchos
1712	1632414511720	-0.114	-0.17	9.611	panchos
1713	1632414511740	-0.095	-0.189	9.621	panchos
1714	1632414511760	-0.114	-0.199	9.621	panchos
1715	1632414511780	-0.123	-0.199	9.621	panchos
1716	1632414511800	-0.104	-0.189	9.602	panchos
1717	1632414511820	-0.114	-0.17	9.611	panchos
1718	1632414511840	-0.095	-0.18	9.621	panchos
1719	1632414511860	-0.104	-0.189	9.63	panchos
1720	1632414511880	-0.114	-0.189	9.64	panchos
1721	1632414511900	-0.123	-0.18	9.63	panchos
1722	1632414511920	-0.104	-0.17	9.65	panchos
1723	1632414511939	-0.095	-0.18	9.63	panchos
1724	1632414511960	-0.114	-0.17	9.621	panchos
1725	1632414511980	-0.095	-0.189	9.621	panchos
1726	1632414512000	-0.104	-0.18	9.63	panchos
1727	1632414512020	-0.114	-0.17	9.63	panchos
1728	1632414512040	-0.114	-0.17	9.64	panchos
1729	1632414512060	-0.133	-0.199	9.602	panchos
1730	1632414512080	-0.123	-0.18	9.621	panchos
1731	1632414512100	-0.104	-0.18	9.64	panchos
1732	1632414512120	-0.104	-0.161	9.63	panchos
1733	1632414512140	-0.104	-0.18	9.621	panchos
1734	1632414512162	-0.104	-0.189	9.602	panchos
1735	1632414512182	-0.095	-0.189	9.621	panchos
1736	1632414512202	-0.114	-0.18	9.65	panchos
1737	1632414512222	-0.104	-0.17	9.621	panchos
1738	1632414512242	-0.133	-0.199	9.621	panchos
1739	1632414512261	-0.114	-0.17	9.63	panchos
1740	1632414512282	-0.123	-0.17	9.621	panchos
1741	1632414512302	-0.114	-0.189	9.621	panchos
1742	1632414512322	-0.104	-0.208	9.602	panchos
1743	1632414512342	-0.095	-0.189	9.602	panchos
1744	1632414512362	-0.114	-0.189	9.63	panchos
1745	1632414512382	-0.114	-0.18	9.621	panchos
1746	1632414512401	-0.095	-0.189	9.611	panchos
1747	1632414512421	-0.095	-0.189	9.611	panchos
1748	1632414512440	-0.104	-0.18	9.621	panchos
1749	1632414512460	-0.085	-0.199	9.592	panchos
1750	1632414512480	-0.104	-0.18	9.611	panchos
1751	1632414512500	-0.085	-0.199	9.602	panchos
1752	1632414512520	-0.104	-0.189	9.592	panchos
1753	1632414512540	-0.095	-0.189	9.611	panchos
1754	1632414512560	-0.104	-0.189	9.611	panchos
1755	1632414512580	-0.104	-0.199	9.611	panchos
1756	1632414512600	-0.104	-0.189	9.63	panchos
1757	1632414512620	-0.114	-0.18	9.602	panchos
1758	1632414512640	-0.075	-0.199	9.611	panchos
1759	1632414512660	-0.104	-0.199	9.621	panchos
1760	1632414512680	-0.114	-0.18	9.63	panchos
1761	1632414512700	-0.114	-0.18	9.621	panchos
1762	1632414512720	-0.123	-0.189	9.65	panchos
1763	1632414512740	-0.104	-0.189	9.621	panchos
1764	1632414512760	-0.095	-0.189	9.63	panchos
1765	1632414512782	-0.114	-0.189	9.602	panchos
1766	1632414512801	-0.114	-0.18	9.621	panchos
1767	1632414512820	-0.123	-0.18	9.63	panchos
1768	1632414512842	-0.123	-0.17	9.621	panchos
1769	1632414512862	-0.104	-0.18	9.621	panchos
1770	1632414512880	-0.104	-0.189	9.611	panchos
1771	1632414512900	-0.114	-0.189	9.63	panchos
1772	1632414512920	-0.114	-0.17	9.63	panchos
1773	1632414512940	-0.104	-0.189	9.611	panchos
1774	1632414512960	-0.114	-0.18	9.602	panchos
1775	1632414512981	-0.123	-0.189	9.611	panchos
1776	1632414513001	-0.095	-0.18	9.64	panchos
1777	1632414513020	-0.095	-0.18	9.63	panchos
1778	1632414513041	-0.133	-0.17	9.611	panchos
1779	1632414513060	-0.095	-0.199	9.611	panchos
1780	1632414513079	-0.104	-0.189	9.621	panchos
1781	1632414513100	-0.095	-0.18	9.602	panchos
1782	1632414513120	-0.085	-0.18	9.63	panchos
1783	1632414513140	-0.133	-0.18	9.621	panchos
1784	1632414513160	-0.095	-0.17	9.621	panchos
1785	1632414513180	-0.104	-0.189	9.621	panchos
1786	1632414513200	-0.104	-0.18	9.621	panchos
1787	1632414513220	-0.123	-0.189	9.621	panchos
1788	1632414513240	-0.133	-0.18	9.621	panchos
1789	1632414513260	-0.104	-0.189	9.611	panchos
1790	1632414513279	-0.114	-0.18	9.63	panchos
1791	1632414513300	-0.114	-0.189	9.621	panchos
1792	1632414513320	-0.114	-0.199	9.621	panchos
1793	1632414513340	-0.114	-0.18	9.611	panchos
1794	1632414513360	-0.114	-0.18	9.611	panchos
1795	1632414513380	-0.114	-0.189	9.63	panchos
1796	1632414513400	-0.114	-0.18	9.611	panchos
1797	1632414513420	-0.104	-0.17	9.602	panchos
1798	1632414513440	-0.095	-0.18	9.621	panchos
1799	1632414513460	-0.075	-0.189	9.611	panchos
1800	1632414513480	-0.095	-0.18	9.611	panchos
1801	1632414513500	-0.104	-0.189	9.621	panchos
1802	1632414513519	-0.085	-0.199	9.611	panchos
1803	1632414513540	-0.104	-0.189	9.621	panchos
1804	1632414513560	-0.114	-0.161	9.63	panchos
1805	1632414513580	-0.104	-0.189	9.64	panchos
1806	1632414513600	-0.104	-0.17	9.611	panchos
1807	1632414513620	-0.075	-0.17	9.63	panchos
1808	1632414513640	-0.104	-0.18	9.611	panchos
1809	1632414513660	-0.104	-0.199	9.63	panchos
1810	1632414513680	-0.104	-0.189	9.611	panchos
1811	1632414513700	-0.114	-0.189	9.621	panchos
1812	1632414513720	-0.085	-0.208	9.602	panchos
1813	1632414513739	-0.104	-0.18	9.621	panchos
1814	1632414513760	-0.104	-0.18	9.621	panchos
1815	1632414513780	-0.114	-0.189	9.63	panchos
1816	1632414513800	-0.123	-0.17	9.65	panchos
1817	1632414513820	-0.114	-0.17	9.611	panchos
1818	1632414513840	-0.123	-0.17	9.65	panchos
1819	1632414513860	-0.133	-0.18	9.63	panchos
1820	1632414513880	-0.104	-0.18	9.621	panchos
1821	1632414513900	-0.095	-0.189	9.63	panchos
1822	1632414513920	-0.095	-0.199	9.602	panchos
1823	1632414513940	-0.075	-0.189	9.63	panchos
1824	1632414513960	-0.114	-0.18	9.611	panchos
1825	1632414513980	-0.095	-0.189	9.621	panchos
1826	1632414514000	-0.095	-0.18	9.611	panchos
1827	1632414514020	-0.104	-0.18	9.64	panchos
1828	1632414514040	-0.095	-0.189	9.621	panchos
1829	1632414514060	-0.123	-0.18	9.621	panchos
1830	1632414514080	-0.095	-0.18	9.621	panchos
1831	1632414514100	-0.104	-0.189	9.621	panchos
1832	1632414514120	-0.114	-0.18	9.602	panchos
1833	1632414514140	-0.085	-0.17	9.63	panchos
1834	1632414514160	-0.104	-0.189	9.621	panchos
1835	1632414514180	-0.104	-0.18	9.611	panchos
1836	1632414514200	-0.104	-0.189	9.611	panchos
1837	1632414514220	-0.104	-0.199	9.621	panchos
1838	1632414514240	-0.095	-0.189	9.621	panchos
1839	1632414514260	-0.104	-0.199	9.621	panchos
1840	1632414514280	-0.114	-0.18	9.621	panchos
1841	1632414514302	-0.104	-0.189	9.602	panchos
1842	1632414514322	-0.104	-0.189	9.621	panchos
1843	1632414514342	-0.085	-0.17	9.64	panchos
1844	1632414514360	-0.123	-0.18	9.65	panchos
1845	1632414514380	-0.104	-0.18	9.621	panchos
1846	1632414514400	-0.104	-0.18	9.63	panchos
1847	1632414514420	-0.095	-0.189	9.621	panchos
1848	1632414514440	-0.075	-0.189	9.621	panchos
1849	1632414514460	-0.104	-0.18	9.621	panchos
1850	1632414514480	-0.114	-0.18	9.64	panchos
1851	1632414514501	-0.114	-0.18	9.611	panchos
1852	1632414514522	-0.114	-0.18	9.611	panchos
1853	1632414514542	-0.114	-0.17	9.621	panchos
1854	1632414514562	-0.114	-0.17	9.621	panchos
1855	1632414514580	-0.095	-0.189	9.621	panchos
1856	1632414514600	-0.133	-0.18	9.63	panchos
1857	1632414514620	-0.123	-0.18	9.64	panchos
1858	1632414514640	-0.104	-0.199	9.611	panchos
1859	1632414514660	-0.095	-0.18	9.621	panchos
1860	1632414514680	-0.095	-0.189	9.621	panchos
1861	1632414514702	-0.104	-0.17	9.611	panchos
1862	1632414514720	-0.095	-0.17	9.621	panchos
1863	1632414514740	-0.085	-0.18	9.63	panchos
1864	1632414514760	-0.085	-0.189	9.621	panchos
1865	1632414514782	-0.114	-0.17	9.64	panchos
1866	1632414514800	-0.085	-0.18	9.63	panchos
1867	1632414514820	-0.104	-0.189	9.602	panchos
1868	1632414514842	-0.123	-0.18	9.611	panchos
1869	1632414514860	-0.085	-0.189	9.611	panchos
1870	1632414514880	-0.085	-0.189	9.611	panchos
1871	1632414514900	-0.085	-0.199	9.602	panchos
1872	1632414514920	-0.104	-0.18	9.611	panchos
1873	1632414514940	-0.123	-0.189	9.63	panchos
1874	1632414514960	-0.095	-0.18	9.621	panchos
1875	1632414514980	-0.104	-0.199	9.621	panchos
1876	1632414515000	-0.095	-0.208	9.611	panchos
1877	1632414515020	-0.095	-0.18	9.611	panchos
1878	1632414515040	-0.085	-0.18	9.63	panchos
1879	1632414515060	-0.104	-0.189	9.621	panchos
1880	1632414515080	-0.104	-0.189	9.63	panchos
1881	1632414515100	-0.104	-0.189	9.621	panchos
1882	1632414515120	-0.114	-0.18	9.611	panchos
1883	1632414515140	-0.104	-0.189	9.611	panchos
1884	1632414515160	-0.095	-0.189	9.621	panchos
1885	1632414515180	-0.095	-0.189	9.621	panchos
1886	1632414515200	-0.114	-0.189	9.621	panchos
1887	1632414515220	-0.104	-0.189	9.63	panchos
1888	1632414515242	-0.085	-0.189	9.611	panchos
1889	1632414515262	-0.104	-0.189	9.611	panchos
1890	1632414515282	-0.085	-0.18	9.64	panchos
1891	1632414515300	-0.104	-0.17	9.63	panchos
1892	1632414515320	-0.104	-0.189	9.621	panchos
1893	1632414515340	-0.104	-0.189	9.602	panchos
1894	1632414515360	-0.114	-0.189	9.63	panchos
1895	1632414515380	-0.085	-0.18	9.611	panchos
1896	1632414515402	-0.114	-0.199	9.602	panchos
1897	1632414515423	-0.095	-0.199	9.63	panchos
1898	1632414515442	-0.104	-0.189	9.611	panchos
1899	1632414515460	-0.114	-0.18	9.621	panchos
1900	1632414515480	-0.114	-0.18	9.611	panchos
1901	1632414515500	-0.085	-0.199	9.611	panchos
1902	1632414515520	-0.114	-0.18	9.611	panchos
1903	1632414515542	-0.123	-0.18	9.621	panchos
1904	1632414515562	-0.114	-0.189	9.611	panchos
1905	1632414515580	-0.114	-0.199	9.621	panchos
1906	1632414515602	-0.095	-0.18	9.611	panchos
1907	1632414515620	-0.104	-0.17	9.602	panchos
1908	1632414515640	-0.075	-0.199	9.611	panchos
1909	1632414515662	-0.123	-0.208	9.602	panchos
1910	1632414515682	-0.114	-0.18	9.592	panchos
1911	1632414515702	-0.095	-0.199	9.602	panchos
1912	1632414515722	-0.085	-0.208	9.611	panchos
1913	1632414515742	-0.104	-0.18	9.63	panchos
1914	1632414515760	-0.085	-0.18	9.621	panchos
1915	1632414515780	-0.095	-0.18	9.621	panchos
1916	1632414515800	-0.114	-0.18	9.602	panchos
1917	1632414515822	-0.123	-0.18	9.621	panchos
1918	1632414515842	-0.085	-0.208	9.582	panchos
1919	1632414515862	-0.075	-0.189	9.611	panchos
1920	1632414515882	-0.085	-0.189	9.611	panchos
1921	1632414515900	-0.114	-0.189	9.621	panchos
1922	1632414515920	-0.104	-0.18	9.64	panchos
1923	1632414515942	-0.075	-0.189	9.602	panchos
1924	1632414515960	-0.114	-0.18	9.63	panchos
1925	1632414515980	-0.114	-0.189	9.621	panchos
1926	1632414516000	-0.085	-0.189	9.611	panchos
1927	1632414516022	-0.085	-0.189	9.602	panchos
1928	1632414516042	-0.095	-0.208	9.621	panchos
1929	1632414516062	-0.114	-0.18	9.611	panchos
1930	1632414516082	-0.104	-0.199	9.611	panchos
1931	1632414516102	-0.123	-0.18	9.621	panchos
1932	1632414516122	-0.114	-0.189	9.611	panchos
1933	1632414516142	-0.104	-0.199	9.63	panchos
1934	1632414516162	-0.114	-0.199	9.63	panchos
1935	1632414516182	-0.095	-0.161	9.611	panchos
1936	1632414516200	-0.095	-0.17	9.64	panchos
1937	1632414516220	-0.123	-0.189	9.611	panchos
1938	1632414516242	-0.123	-0.18	9.621	panchos
1939	1632414516262	-0.095	-0.189	9.621	panchos
1940	1632414516280	-0.123	-0.161	9.602	panchos
1941	1632414516302	-0.095	-0.18	9.63	panchos
1942	1632414516320	-0.133	-0.18	9.621	panchos
1943	1632414516340	-0.104	-0.17	9.602	panchos
1944	1632414516360	-0.114	-0.18	9.611	panchos
1945	1632414516380	-0.104	-0.189	9.611	panchos
1946	1632414516402	-0.114	-0.189	9.592	panchos
1947	1632414516420	-0.085	-0.189	9.63	panchos
1948	1632414516442	-0.104	-0.17	9.611	panchos
1949	1632414516460	-0.104	-0.199	9.63	panchos
1950	1632414516480	-0.085	-0.18	9.621	panchos
1951	1632414516500	-0.095	-0.18	9.602	panchos
1952	1632414516520	-0.085	-0.189	9.621	panchos
1953	1632414516540	-0.104	-0.189	9.602	panchos
1954	1632414516560	-0.095	-0.17	9.64	panchos
1955	1632414516580	-0.104	-0.18	9.621	panchos
1956	1632414516600	-0.114	-0.18	9.621	panchos
1957	1632414516620	-0.095	-0.18	9.63	panchos
1958	1632414516640	-0.114	-0.17	9.64	panchos
1959	1632414516660	-0.114	-0.161	9.621	panchos
1960	1632414516680	-0.123	-0.17	9.63	panchos
1961	1632414516700	-0.095	-0.18	9.621	panchos
1962	1632414516720	-0.104	-0.189	9.63	panchos
1963	1632414516740	-0.095	-0.18	9.602	panchos
1964	1632414516762	-0.104	-0.17	9.611	panchos
1965	1632414516780	-0.114	-0.199	9.611	panchos
1966	1632414516800	-0.104	-0.189	9.611	panchos
1967	1632414516820	-0.114	-0.18	9.63	panchos
1968	1632414516840	-0.114	-0.189	9.63	panchos
1969	1632414516862	-0.114	-0.189	9.621	panchos
1970	1632414516882	-0.114	-0.189	9.64	panchos
1971	1632414516902	-0.133	-0.17	9.64	panchos
1972	1632414516920	-0.085	-0.189	9.621	panchos
1973	1632414516940	-0.123	-0.189	9.63	panchos
1974	1632414516960	-0.123	-0.18	9.63	panchos
1975	1632414516980	-0.123	-0.199	9.602	panchos
1976	1632414517000	-0.095	-0.208	9.611	panchos
1977	1632414517020	-0.095	-0.199	9.63	panchos
1978	1632414517040	-0.095	-0.199	9.611	panchos
1979	1632414517062	-0.085	-0.18	9.63	panchos
1980	1632414517080	-0.104	-0.199	9.602	panchos
1981	1632414517100	-0.104	-0.17	9.611	panchos
1982	1632414517120	-0.095	-0.189	9.621	panchos
1983	1632414517140	-0.104	-0.18	9.611	panchos
1984	1632414517160	-0.104	-0.189	9.611	panchos
1985	1632414517180	-0.095	-0.199	9.611	panchos
1986	1632414517200	-0.095	-0.199	9.611	panchos
1987	1632414517220	-0.095	-0.18	9.621	panchos
1988	1632414517240	-0.095	-0.18	9.621	panchos
1989	1632414517260	-0.085	-0.189	9.602	panchos
1990	1632414517280	-0.104	-0.199	9.611	panchos
1991	1632414517302	-0.085	-0.199	9.611	panchos
1992	1632414517320	-0.123	-0.199	9.63	panchos
1993	1632414517342	-0.095	-0.189	9.63	panchos
1994	1632414517362	-0.104	-0.208	9.621	panchos
1995	1632414517382	-0.095	-0.189	9.621	panchos
1996	1632414517402	-0.114	-0.189	9.63	panchos
1997	1632414517422	-0.085	-0.18	9.602	panchos
1998	1632414517442	-0.075	-0.18	9.621	panchos
1999	1632414517462	-0.114	-0.208	9.611	panchos
2000	1632414517482	-0.104	-0.18	9.611	panchos
2001	1632414517502	-0.123	-0.199	9.63	panchos
2002	1632414517521	-0.095	-0.17	9.64	panchos
2003	1632414517542	-0.114	-0.189	9.64	panchos
2004	1632414517562	-0.104	-0.189	9.621	panchos
2005	1632414517582	-0.075	-0.189	9.611	panchos
2006	1632414517600	-0.095	-0.199	9.611	panchos
2007	1632414517620	-0.095	-0.199	9.63	panchos
2008	1632414517640	-0.075	-0.189	9.611	panchos
2009	1632414517662	-0.075	-0.18	9.611	panchos
2010	1632414517681	-0.085	-0.189	9.621	panchos
2011	1632414517702	-0.085	-0.18	9.621	panchos
2012	1632414517722	-0.095	-0.189	9.602	panchos
2013	1632414517742	-0.104	-0.18	9.621	panchos
2014	1632414517762	-0.095	-0.189	9.602	panchos
2015	1632414517782	-0.114	-0.189	9.621	panchos
2016	1632414517802	-0.114	-0.18	9.621	panchos
2017	1632414517822	-0.104	-0.17	9.63	panchos
2018	1632414517842	-0.085	-0.189	9.611	panchos
2019	1632414517862	-0.095	-0.189	9.592	panchos
2020	1632414517882	-0.123	-0.199	9.621	panchos
2021	1632414517902	-0.095	-0.18	9.611	panchos
2022	1632414517922	-0.095	-0.17	9.621	panchos
2023	1632414517942	-0.104	-0.189	9.621	panchos
2024	1632414517960	-0.104	-0.208	9.63	panchos
2025	1632414517980	-0.095	-0.189	9.621	panchos
2026	1632414518000	-0.114	-0.17	9.63	panchos
2027	1632414518020	-0.104	-0.208	9.621	panchos
2028	1632414518040	-0.085	-0.189	9.611	panchos
2029	1632414518060	-0.114	-0.189	9.63	panchos
2030	1632414518080	-0.123	-0.18	9.63	panchos
2031	1632414518100	-0.104	-0.189	9.621	panchos
2032	1632414518120	-0.104	-0.189	9.602	panchos
2033	1632414518142	-0.152	-0.189	9.621	panchos
2034	1632414518160	-0.123	-0.18	9.611	panchos
2035	1632414518182	-0.095	-0.189	9.611	panchos
2036	1632414518200	-0.085	-0.18	9.63	panchos
2037	1632414518222	-0.104	-0.189	9.621	panchos
2038	1632414518240	-0.095	-0.189	9.602	panchos
2039	1632414518262	-0.075	-0.18	9.602	panchos
2040	1632414518282	-0.123	-0.189	9.611	panchos
2041	1632414518302	-0.095	-0.189	9.621	panchos
2042	1632414518322	-0.104	-0.189	9.611	panchos
2043	1632414518342	-0.095	-0.199	9.621	panchos
2044	1632414518362	-0.095	-0.189	9.621	panchos
2045	1632414518382	-0.095	-0.199	9.611	panchos
2046	1632414518402	-0.104	-0.199	9.602	panchos
2047	1632414518420	-0.104	-0.18	9.621	panchos
2048	1632414518444	-0.095	-0.189	9.611	panchos
2049	1632414518460	-0.114	-0.189	9.621	panchos
2050	1632414518480	-0.123	-0.18	9.621	panchos
2051	1632414518502	-0.085	-0.18	9.611	panchos
2052	1632414518522	-0.095	-0.199	9.63	panchos
2053	1632414518542	-0.085	-0.18	9.63	panchos
2054	1632414518562	-0.104	-0.199	9.611	panchos
2055	1632414518580	-0.085	-0.199	9.611	panchos
2056	1632414518602	-0.095	-0.189	9.621	panchos
2057	1632414518622	-0.123	-0.189	9.621	panchos
2058	1632414518642	-0.095	-0.18	9.611	panchos
2059	1632414518662	-0.095	-0.189	9.611	panchos
2060	1632414518680	-0.104	-0.18	9.621	panchos
2061	1632414518702	-0.066	-0.189	9.621	panchos
2062	1632414518722	-0.104	-0.18	9.611	panchos
2063	1632414518742	-0.104	-0.189	9.63	panchos
2064	1632414518762	-0.114	-0.18	9.64	panchos
2065	1632414518782	-0.104	-0.18	9.64	panchos
2066	1632414518802	-0.085	-0.189	9.621	panchos
2067	1632414518822	-0.133	-0.18	9.611	panchos
2068	1632414518842	-0.114	-0.189	9.64	panchos
2069	1632414518862	-0.104	-0.18	9.64	panchos
2070	1632414518882	-0.114	-0.18	9.621	panchos
2071	1632414518902	-0.104	-0.199	9.64	panchos
2072	1632414518922	-0.104	-0.189	9.621	panchos
2073	1632414518940	-0.123	-0.189	9.602	panchos
2074	1632414518960	-0.114	-0.189	9.621	panchos
2075	1632414518980	-0.114	-0.18	9.621	panchos
2076	1632414519000	-0.095	-0.18	9.611	panchos
2077	1632414519020	-0.104	-0.18	9.611	panchos
2078	1632414519040	-0.104	-0.18	9.63	panchos
2079	1632414519062	-0.085	-0.18	9.63	panchos
2080	1632414519082	-0.104	-0.199	9.611	panchos
2081	1632414519100	-0.085	-0.18	9.63	panchos
2082	1632414519120	-0.095	-0.189	9.611	panchos
2083	1632414519140	-0.095	-0.17	9.621	panchos
2084	1632414519160	-0.104	-0.18	9.63	panchos
2085	1632414519182	-0.075	-0.18	9.64	panchos
2086	1632414519202	-0.114	-0.18	9.63	panchos
2087	1632414519222	-0.095	-0.18	9.621	panchos
2088	1632414519242	-0.104	-0.17	9.602	panchos
2089	1632414519260	-0.085	-0.199	9.611	panchos
2090	1632414519280	-0.085	-0.199	9.621	panchos
2091	1632414519302	-0.085	-0.189	9.611	panchos
2092	1632414519322	-0.123	-0.18	9.65	panchos
2093	1632414519342	-0.114	-0.17	9.63	panchos
2094	1632414519362	-0.114	-0.189	9.621	panchos
2095	1632414519382	-0.104	-0.199	9.621	panchos
2096	1632414519400	-0.104	-0.17	9.621	panchos
2097	1632414519420	-0.075	-0.199	9.602	panchos
2098	1632414519442	-0.095	-0.199	9.602	panchos
2099	1632414519460	-0.095	-0.189	9.611	panchos
2100	1632414519480	-0.114	-0.17	9.63	panchos
2101	1632414519501	-0.123	-0.17	9.64	panchos
2102	1632414519520	-0.085	-0.18	9.63	panchos
2103	1632414519540	-0.104	-0.189	9.611	panchos
2104	1632414519560	-0.104	-0.17	9.611	panchos
2105	1632414519580	-0.114	-0.17	9.63	panchos
2106	1632414519600	-0.104	-0.17	9.63	panchos
2107	1632414519619	-0.095	-0.18	9.602	panchos
2108	1632414519640	-0.095	-0.189	9.621	panchos
2109	1632414519662	-0.123	-0.17	9.63	panchos
2110	1632414519680	-0.104	-0.189	9.63	panchos
