1	1632434029611	-0.075	-0.496	9.563	00
2	1632434029614	-0.075	-0.496	9.563	00
3	1632434029617	-0.075	-0.496	9.563	00
4	1632434029622	-0.075	-0.496	9.563	00
5	1632434029627	-0.085	-0.505	9.582	00
6	1632434029632	-0.085	-0.505	9.582	00
7	1632434029637	-0.085	-0.505	9.582	00
8	1632434029642	-0.085	-0.505	9.582	00
9	1632434029647	-0.085	-0.477	9.582	00
10	1632434029669	-0.085	-0.477	9.582	00
11	1632434029670	-0.085	-0.477	9.582	00
12	1632434029671	-0.085	-0.477	9.582	00
13	1632434029672	-0.085	-0.477	9.582	00
14	1632434029673	-0.085	-0.477	9.582	00
15	1632434029677	-0.085	-0.477	9.582	00
16	1632434029682	-0.085	-0.477	9.582	00
17	1632434029687	-0.095	-0.477	9.582	00
18	1632434029692	-0.095	-0.477	9.582	00
19	1632434029697	-0.095	-0.477	9.582	00
20	1632434029702	-0.095	-0.477	9.582	00
21	1632434029707	-0.114	-0.486	9.573	00
22	1632434029712	-0.114	-0.486	9.573	00
23	1632434029717	-0.114	-0.486	9.573	00
24	1632434029722	-0.114	-0.486	9.573	00
25	1632434029727	-0.095	-0.486	9.592	00
26	1632434029733	-0.095	-0.486	9.592	00
27	1632434029737	-0.095	-0.486	9.592	00
28	1632434029742	-0.095	-0.486	9.592	00
29	1632434029747	-0.085	-0.477	9.621	00
30	1632434029752	-0.085	-0.477	9.621	00
31	1632434029757	-0.085	-0.477	9.621	00
32	1632434029762	-0.085	-0.477	9.621	00
33	1632434029767	-0.075	-0.477	9.563	00
34	1632434029772	-0.075	-0.477	9.563	00
35	1632434029777	-0.075	-0.477	9.563	00
36	1632434029782	-0.075	-0.477	9.563	00
37	1632434029787	-0.095	-0.505	9.582	00
38	1632434029792	-0.095	-0.505	9.582	00
39	1632434029797	-0.095	-0.505	9.582	00
40	1632434029802	-0.095	-0.505	9.582	00
41	1632434029807	-0.095	-0.496	9.573	00
42	1632434029812	-0.095	-0.496	9.573	00
43	1632434029817	-0.095	-0.496	9.573	00
44	1632434029822	-0.095	-0.496	9.573	00
45	1632434029827	-0.066	-0.505	9.592	00
46	1632434029832	-0.066	-0.505	9.592	00
47	1632434029837	-0.066	-0.505	9.592	00
48	1632434029842	-0.104	-0.496	9.582	00
49	1632434029847	-0.104	-0.496	9.582	00
50	1632434029852	-0.104	-0.496	9.582	00
51	1632434029857	-0.104	-0.496	9.582	00
52	1632434029862	-0.085	-0.486	9.573	00
53	1632434029867	-0.085	-0.486	9.573	00
54	1632434029872	-0.085	-0.486	9.573	00
55	1632434029877	-0.085	-0.486	9.573	00
56	1632434029882	-0.085	-0.486	9.573	00
57	1632434029887	-0.085	-0.486	9.573	00
58	1632434029892	-0.085	-0.486	9.573	00
59	1632434029897	-0.085	-0.486	9.573	00
60	1632434029902	-0.085	-0.505	9.592	00
61	1632434029907	-0.085	-0.505	9.592	00
62	1632434029912	-0.085	-0.505	9.592	00
63	1632434029917	-0.085	-0.505	9.592	00
64	1632434029922	-0.085	-0.515	9.582	00
65	1632434029927	-0.085	-0.515	9.582	00
66	1632434029932	-0.085	-0.515	9.582	00
67	1632434029937	-0.085	-0.515	9.582	00
68	1632434029942	-0.095	-0.496	9.573	00
69	1632434029947	-0.095	-0.496	9.573	00
70	1632434029952	-0.095	-0.496	9.573	00
71	1632434029957	-0.095	-0.496	9.573	00
72	1632434029962	-0.085	-0.486	9.582	00
73	1632434029967	-0.085	-0.486	9.582	00
74	1632434029972	-0.085	-0.486	9.582	00
75	1632434029977	-0.085	-0.486	9.582	00
76	1632434029982	-0.104	-0.496	9.573	00
77	1632434029987	-0.104	-0.496	9.573	00
78	1632434029992	-0.104	-0.496	9.573	00
79	1632434029997	-0.104	-0.496	9.573	00
80	1632434030002	-0.095	-0.515	9.602	00
81	1632434030007	-0.095	-0.515	9.602	00
82	1632434030012	-0.095	-0.515	9.602	00
83	1632434030017	-0.095	-0.515	9.602	00
84	1632434030022	-0.104	-0.496	9.582	00
85	1632434030027	-0.104	-0.496	9.582	00
86	1632434030032	-0.104	-0.496	9.582	00
87	1632434030037	-0.104	-0.496	9.582	00
88	1632434030042	-0.085	-0.486	9.582	00
89	1632434030047	-0.085	-0.486	9.582	00
90	1632434030052	-0.085	-0.486	9.582	00
91	1632434030060	-0.085	-0.486	9.582	00
92	1632434030065	-0.075	-0.505	9.582	00
93	1632434030067	-0.075	-0.505	9.582	00
94	1632434030072	-0.075	-0.505	9.582	00
95	1632434030077	-0.075	-0.505	9.582	00
96	1632434030082	-0.085	-0.496	9.592	00
97	1632434030087	-0.085	-0.496	9.592	00
98	1632434030092	-0.085	-0.496	9.592	00
99	1632434030097	-0.085	-0.496	9.592	00
100	1632434030102	-0.066	-0.496	9.602	00
101	1632434030107	-0.066	-0.496	9.602	00
102	1632434030112	-0.066	-0.496	9.602	00
103	1632434030117	-0.066	-0.496	9.602	00
104	1632434030122	-0.104	-0.496	9.602	00
105	1632434030127	-0.104	-0.496	9.602	00
106	1632434030132	-0.104	-0.496	9.602	00
107	1632434030137	-0.104	-0.496	9.602	00
108	1632434030142	-0.104	-0.486	9.592	00
109	1632434030147	-0.104	-0.486	9.592	00
110	1632434030152	-0.104	-0.486	9.592	00
111	1632434030157	-0.104	-0.486	9.592	00
112	1632434030162	-0.104	-0.467	9.582	00
113	1632434030167	-0.104	-0.467	9.582	00
114	1632434030172	-0.104	-0.467	9.582	00
115	1632434030177	-0.104	-0.486	9.582	00
116	1632434030182	-0.104	-0.486	9.582	00
117	1632434030187	-0.104	-0.486	9.582	00
118	1632434030192	-0.104	-0.486	9.582	00
119	1632434030197	-0.104	-0.477	9.592	00
120	1632434030202	-0.104	-0.477	9.592	00
121	1632434030207	-0.104	-0.477	9.592	00
122	1632434030212	-0.104	-0.477	9.592	00
123	1632434030217	-0.095	-0.486	9.582	00
124	1632434030222	-0.095	-0.486	9.582	00
125	1632434030227	-0.095	-0.486	9.582	00
126	1632434030232	-0.095	-0.486	9.582	00
127	1632434030237	-0.095	-0.496	9.592	00
128	1632434030244	-0.095	-0.496	9.592	00
129	1632434030247	-0.095	-0.496	9.592	00
130	1632434030252	-0.095	-0.496	9.592	00
131	1632434030257	-0.085	-0.505	9.592	00
132	1632434030262	-0.085	-0.505	9.592	00
133	1632434030267	-0.085	-0.505	9.592	00
134	1632434030272	-0.085	-0.505	9.592	00
135	1632434030277	-0.075	-0.477	9.573	00
136	1632434030282	-0.075	-0.477	9.573	00
137	1632434030287	-0.075	-0.477	9.573	00
138	1632434030292	-0.075	-0.477	9.573	00
139	1632434030297	-0.104	-0.505	9.563	00
140	1632434030302	-0.104	-0.505	9.563	00
141	1632434030307	-0.104	-0.505	9.563	00
142	1632434030312	-0.104	-0.505	9.563	00
143	1632434030317	-0.095	-0.477	9.554	00
144	1632434030322	-0.095	-0.477	9.554	00
145	1632434030327	-0.095	-0.477	9.554	00
146	1632434030332	-0.095	-0.477	9.554	00
147	1632434030337	-0.114	-0.467	9.582	00
148	1632434030342	-0.114	-0.467	9.582	00
149	1632434030347	-0.114	-0.467	9.582	00
150	1632434030352	-0.114	-0.467	9.582	00
151	1632434030357	-0.075	-0.496	9.563	00
152	1632434030362	-0.075	-0.496	9.563	00
153	1632434030367	-0.075	-0.496	9.563	00
154	1632434030372	-0.075	-0.496	9.563	00
155	1632434030377	-0.095	-0.486	9.573	00
156	1632434030382	-0.095	-0.486	9.573	00
157	1632434030387	-0.095	-0.486	9.573	00
158	1632434030392	-0.095	-0.486	9.573	00
159	1632434030397	-0.104	-0.486	9.592	00
160	1632434030402	-0.104	-0.486	9.592	00
161	1632434030407	-0.104	-0.486	9.592	00
162	1632434030412	-0.104	-0.486	9.592	00
163	1632434030417	-0.114	-0.486	9.592	00
164	1632434030422	-0.114	-0.486	9.592	00
165	1632434030427	-0.114	-0.486	9.592	00
166	1632434030432	-0.114	-0.486	9.592	00
167	1632434030437	-0.066	-0.496	9.602	00
168	1632434030442	-0.066	-0.496	9.602	00
169	1632434030447	-0.066	-0.496	9.602	00
170	1632434030452	-0.066	-0.496	9.602	00
171	1632434030457	-0.085	-0.486	9.573	00
172	1632434030462	-0.085	-0.486	9.573	00
173	1632434030467	-0.085	-0.486	9.573	00
174	1632434030472	-0.085	-0.486	9.573	00
175	1632434030477	-0.075	-0.496	9.563	00
176	1632434030482	-0.075	-0.496	9.563	00
177	1632434030487	-0.075	-0.496	9.563	00
178	1632434030492	-0.066	-0.477	9.592	00
179	1632434030497	-0.066	-0.477	9.592	00
180	1632434030502	-0.066	-0.477	9.592	00
181	1632434030507	-0.066	-0.477	9.592	00
182	1632434030512	-0.095	-0.486	9.582	00
183	1632434030517	-0.095	-0.486	9.582	00
184	1632434030522	-0.095	-0.486	9.582	00
185	1632434030527	-0.095	-0.486	9.582	00
186	1632434030532	-0.104	-0.486	9.592	00
187	1632434030537	-0.104	-0.486	9.592	00
188	1632434030542	-0.104	-0.486	9.592	00
189	1632434030547	-0.104	-0.486	9.592	00
190	1632434030552	-0.095	-0.505	9.582	00
191	1632434030557	-0.095	-0.505	9.582	00
192	1632434030562	-0.095	-0.505	9.582	00
193	1632434030567	-0.095	-0.505	9.582	00
194	1632434030572	-0.085	-0.505	9.602	00
195	1632434030577	-0.085	-0.505	9.602	00
196	1632434030582	-0.085	-0.505	9.602	00
197	1632434030587	-0.085	-0.505	9.602	00
198	1632434030592	-0.104	-0.486	9.573	00
199	1632434030597	-0.104	-0.486	9.573	00
200	1632434030602	-0.104	-0.486	9.573	00
201	1632434030607	-0.104	-0.486	9.573	00
202	1632434030612	-0.075	-0.496	9.573	00
203	1632434030617	-0.075	-0.496	9.573	00
204	1632434030622	-0.075	-0.496	9.573	00
205	1632434030627	-0.075	-0.496	9.573	00
206	1632434030632	-0.104	-0.486	9.582	00
207	1632434030637	-0.104	-0.486	9.582	00
208	1632434030642	-0.104	-0.486	9.582	00
209	1632434030647	-0.104	-0.486	9.582	00
210	1632434030652	-0.104	-0.505	9.602	00
211	1632434030657	-0.104	-0.505	9.602	00
212	1632434030662	-0.104	-0.505	9.602	00
213	1632434030667	-0.104	-0.505	9.602	00
214	1632434030672	-0.085	-0.496	9.582	00
215	1632434030677	-0.085	-0.496	9.582	00
216	1632434030682	-0.085	-0.496	9.582	00
217	1632434030687	-0.085	-0.496	9.582	00
218	1632434030692	-0.095	-0.486	9.582	00
219	1632434030697	-0.095	-0.486	9.582	00
220	1632434030702	-0.095	-0.486	9.582	00
221	1632434030707	-0.095	-0.486	9.582	00
222	1632434030712	-0.085	-0.496	9.563	00
223	1632434030717	-0.085	-0.496	9.563	00
224	1632434030722	-0.085	-0.496	9.563	00
225	1632434030727	-0.085	-0.496	9.563	00
226	1632434030732	-0.085	-0.505	9.582	00
227	1632434030737	-0.085	-0.505	9.582	00
228	1632434030742	-0.085	-0.505	9.582	00
229	1632434030747	-0.085	-0.505	9.582	00
230	1632434030752	-0.085	-0.496	9.554	00
231	1632434030757	-0.085	-0.496	9.554	00
232	1632434030762	-0.085	-0.496	9.554	00
233	1632434030767	-0.085	-0.496	9.554	00
234	1632434030772	-0.085	-0.496	9.602	00
235	1632434030777	-0.085	-0.496	9.602	00
236	1632434030782	-0.085	-0.496	9.602	00
237	1632434030787	-0.085	-0.496	9.602	00
238	1632434030792	-0.104	-0.496	9.573	00
239	1632434030797	-0.104	-0.496	9.573	00
240	1632434030802	-0.104	-0.496	9.573	00
241	1632434030807	-0.104	-0.496	9.602	00
242	1632434030812	-0.104	-0.496	9.602	00
243	1632434030817	-0.104	-0.496	9.602	00
244	1632434030822	-0.104	-0.496	9.602	00
245	1632434030827	-0.095	-0.496	9.592	00
246	1632434030832	-0.095	-0.496	9.592	00
247	1632434030837	-0.095	-0.496	9.592	00
248	1632434030842	-0.095	-0.496	9.592	00
249	1632434030847	-0.075	-0.496	9.582	00
250	1632434030852	-0.075	-0.496	9.582	00
251	1632434030857	-0.075	-0.496	9.582	00
252	1632434030862	-0.075	-0.496	9.582	00
253	1632434030867	-0.075	-0.477	9.573	00
254	1632434030872	-0.075	-0.477	9.573	00
255	1632434030877	-0.075	-0.477	9.573	00
256	1632434030882	-0.075	-0.477	9.573	00
257	1632434030887	-0.085	-0.477	9.592	00
258	1632434030892	-0.085	-0.477	9.592	00
259	1632434030897	-0.085	-0.477	9.592	00
260	1632434030902	-0.085	-0.477	9.592	00
261	1632434030907	-0.095	-0.477	9.582	00
262	1632434030912	-0.095	-0.477	9.582	00
263	1632434030917	-0.095	-0.477	9.582	00
264	1632434030922	-0.095	-0.477	9.582	00
265	1632434030927	-0.085	-0.477	9.582	00
266	1632434030932	-0.085	-0.477	9.582	00
267	1632434030937	-0.085	-0.477	9.582	00
268	1632434030942	-0.085	-0.477	9.582	00
269	1632434030947	-0.075	-0.486	9.563	00
270	1632434030952	-0.075	-0.486	9.563	00
271	1632434030957	-0.075	-0.486	9.563	00
272	1632434030962	-0.075	-0.486	9.563	00
273	1632434030967	-0.075	-0.477	9.582	00
274	1632434030972	-0.075	-0.477	9.582	00
275	1632434030977	-0.075	-0.477	9.582	00
276	1632434030982	-0.075	-0.477	9.582	00
277	1632434030987	-0.133	-0.505	9.554	00
278	1632434030992	-0.133	-0.505	9.554	00
279	1632434030997	-0.133	-0.505	9.554	00
280	1632434031002	-0.133	-0.505	9.554	00
281	1632434031007	-0.095	-0.486	9.563	00
282	1632434031014	-0.095	-0.486	9.563	00
283	1632434031018	-0.095	-0.486	9.563	00
284	1632434031026	-0.095	-0.486	9.563	00
285	1632434031028	-0.095	-0.505	9.592	00
286	1632434031032	-0.095	-0.505	9.592	00
287	1632434031037	-0.095	-0.505	9.592	00
288	1632434031042	-0.095	-0.505	9.592	00
289	1632434031047	-0.075	-0.477	9.592	00
290	1632434031052	-0.075	-0.477	9.592	00
291	1632434031058	-0.075	-0.477	9.592	00
292	1632434031062	-0.075	-0.477	9.592	00
293	1632434031067	-0.095	-0.496	9.573	00
294	1632434031072	-0.095	-0.496	9.573	00
295	1632434031077	-0.095	-0.496	9.573	00
296	1632434031082	-0.095	-0.496	9.573	00
297	1632434031087	-0.085	-0.505	9.602	00
298	1632434031092	-0.085	-0.505	9.602	00
299	1632434031097	-0.085	-0.505	9.602	00
300	1632434031102	-0.085	-0.505	9.602	00
301	1632434031107	-0.075	-0.496	9.602	00
302	1632434031112	-0.075	-0.496	9.602	00
303	1632434031117	-0.075	-0.496	9.602	00
304	1632434031122	-0.085	-0.486	9.602	00
305	1632434031127	-0.085	-0.486	9.602	00
306	1632434031132	-0.085	-0.486	9.602	00
307	1632434031137	-0.085	-0.486	9.602	00
308	1632434031142	-0.085	-0.496	9.611	00
309	1632434031147	-0.085	-0.496	9.611	00
310	1632434031152	-0.085	-0.496	9.611	00
311	1632434031157	-0.085	-0.496	9.611	00
312	1632434031162	-0.114	-0.486	9.582	00
313	1632434031167	-0.114	-0.486	9.582	00
314	1632434031172	-0.114	-0.486	9.582	00
315	1632434031177	-0.114	-0.486	9.582	00
316	1632434031182	-0.104	-0.496	9.582	00
317	1632434031187	-0.104	-0.496	9.582	00
318	1632434031192	-0.104	-0.496	9.582	00
319	1632434031197	-0.104	-0.496	9.582	00
320	1632434031202	-0.095	-0.486	9.602	00
321	1632434031207	-0.095	-0.486	9.602	00
322	1632434031212	-0.095	-0.486	9.602	00
323	1632434031217	-0.095	-0.486	9.602	00
324	1632434031222	-0.104	-0.477	9.602	00
325	1632434031227	-0.104	-0.477	9.602	00
326	1632434031232	-0.104	-0.477	9.602	00
327	1632434031237	-0.104	-0.477	9.602	00
328	1632434031242	-0.085	-0.496	9.602	00
329	1632434031247	-0.085	-0.496	9.602	00
330	1632434031252	-0.085	-0.496	9.602	00
331	1632434031257	-0.085	-0.496	9.602	00
332	1632434031262	-0.123	-0.467	9.592	00
333	1632434031267	-0.123	-0.467	9.592	00
334	1632434031272	-0.123	-0.467	9.592	00
335	1632434031277	-0.123	-0.467	9.592	00
336	1632434031282	-0.066	-0.477	9.582	00
337	1632434031287	-0.066	-0.477	9.582	00
338	1632434031292	-0.066	-0.477	9.582	00
339	1632434031297	-0.066	-0.477	9.582	00
340	1632434031302	-0.085	-0.515	9.602	00
341	1632434031307	-0.085	-0.515	9.602	00
342	1632434031312	-0.085	-0.515	9.602	00
343	1632434031317	-0.085	-0.515	9.602	00
344	1632434031322	-0.085	-0.496	9.573	00
345	1632434031327	-0.085	-0.496	9.573	00
346	1632434031332	-0.085	-0.496	9.573	00
347	1632434031337	-0.085	-0.496	9.573	00
348	1632434031342	-0.104	-0.486	9.554	00
349	1632434031347	-0.104	-0.486	9.554	00
350	1632434031352	-0.104	-0.486	9.554	00
351	1632434031357	-0.104	-0.486	9.554	00
352	1632434031362	-0.075	-0.496	9.563	00
353	1632434031367	-0.075	-0.496	9.563	00
354	1632434031372	-0.075	-0.496	9.563	00
355	1632434031377	-0.075	-0.496	9.563	00
356	1632434031382	-0.085	-0.496	9.573	00
357	1632434031387	-0.085	-0.496	9.573	00
358	1632434031392	-0.085	-0.496	9.573	00
359	1632434031397	-0.085	-0.496	9.573	00
360	1632434031402	-0.085	-0.496	9.592	00
361	1632434031407	-0.085	-0.496	9.592	00
362	1632434031412	-0.085	-0.496	9.592	00
363	1632434031417	-0.085	-0.496	9.592	00
364	1632434031422	-0.104	-0.496	9.592	00
365	1632434031427	-0.104	-0.496	9.592	00
366	1632434031432	-0.104	-0.496	9.592	00
367	1632434031437	-0.104	-0.496	9.554	00
368	1632434031442	-0.104	-0.496	9.554	00
369	1632434031447	-0.104	-0.496	9.554	00
370	1632434031452	-0.104	-0.496	9.554	00
371	1632434031457	-0.075	-0.496	9.611	00
372	1632434031462	-0.075	-0.496	9.611	00
373	1632434031467	-0.075	-0.496	9.611	00
374	1632434031472	-0.075	-0.496	9.611	00
375	1632434031477	-0.075	-0.496	9.573	00
376	1632434031482	-0.075	-0.496	9.573	00
377	1632434031487	-0.075	-0.496	9.573	00
378	1632434031492	-0.075	-0.496	9.573	00
379	1632434031497	-0.085	-0.496	9.563	00
380	1632434031502	-0.085	-0.496	9.563	00
381	1632434031507	-0.085	-0.496	9.563	00
382	1632434031512	-0.085	-0.496	9.563	00
383	1632434031517	-0.104	-0.486	9.582	00
384	1632434031522	-0.104	-0.486	9.582	00
385	1632434031527	-0.104	-0.486	9.582	00
386	1632434031532	-0.104	-0.486	9.582	00
387	1632434031537	-0.075	-0.496	9.602	00
388	1632434031542	-0.075	-0.496	9.602	00
389	1632434031547	-0.075	-0.496	9.602	00
390	1632434031552	-0.075	-0.496	9.602	00
391	1632434031557	-0.095	-0.477	9.592	00
392	1632434031562	-0.095	-0.477	9.592	00
393	1632434031567	-0.095	-0.477	9.592	00
394	1632434031572	-0.095	-0.477	9.592	00
395	1632434031577	-0.095	-0.505	9.582	00
396	1632434031582	-0.095	-0.505	9.582	00
397	1632434031587	-0.095	-0.505	9.582	00
398	1632434031592	-0.095	-0.505	9.582	00
399	1632434031597	-0.095	-0.477	9.563	00
400	1632434031602	-0.095	-0.477	9.563	00
401	1632434031607	-0.095	-0.477	9.563	00
402	1632434031612	-0.095	-0.477	9.563	00
403	1632434031617	-0.095	-0.496	9.582	00
404	1632434031622	-0.095	-0.496	9.582	00
405	1632434031627	-0.095	-0.496	9.582	00
406	1632434031632	-0.095	-0.496	9.582	00
407	1632434031637	-0.114	-0.486	9.602	00
408	1632434031642	-0.114	-0.486	9.602	00
409	1632434031647	-0.114	-0.486	9.602	00
410	1632434031652	-0.114	-0.486	9.602	00
411	1632434031657	-0.075	-0.477	9.582	00
412	1632434031662	-0.075	-0.477	9.582	00
413	1632434031667	-0.075	-0.477	9.582	00
414	1632434031672	-0.075	-0.477	9.582	00
415	1632434031677	-0.085	-0.477	9.573	00
416	1632434031682	-0.085	-0.477	9.573	00
417	1632434031687	-0.085	-0.477	9.573	00
418	1632434031692	-0.085	-0.477	9.573	00
419	1632434031697	-0.104	-0.515	9.592	00
420	1632434031702	-0.104	-0.515	9.592	00
421	1632434031707	-0.104	-0.515	9.592	00
422	1632434031712	-0.104	-0.515	9.592	00
423	1632434031717	-0.085	-0.477	9.592	00
424	1632434031722	-0.085	-0.477	9.592	00
425	1632434031727	-0.085	-0.477	9.592	00
426	1632434031732	-0.085	-0.477	9.592	00
427	1632434031737	-0.104	-0.505	9.592	00
428	1632434031742	-0.104	-0.505	9.592	00
429	1632434031747	-0.104	-0.505	9.592	00
430	1632434031752	-0.095	-0.486	9.592	00
431	1632434031757	-0.095	-0.486	9.563	00
432	1632434031762	-0.095	-0.486	9.563	00
433	1632434031767	-0.095	-0.486	9.563	00
434	1632434031772	-0.095	-0.477	9.563	00
435	1632434031777	-0.095	-0.477	9.563	00
436	1632434031782	-0.095	-0.477	9.563	00
437	1632434031787	-0.095	-0.477	9.563	00
438	1632434031792	-0.104	-0.486	9.611	00
439	1632434031797	-0.104	-0.486	9.611	00
440	1632434031802	-0.104	-0.486	9.611	00
441	1632434031807	-0.104	-0.486	9.611	00
442	1632434031812	-0.095	-0.496	9.602	00
443	1632434031817	-0.095	-0.496	9.602	00
444	1632434031822	-0.095	-0.496	9.602	00
445	1632434031827	-0.095	-0.496	9.602	00
446	1632434031832	-0.104	-0.477	9.582	00
447	1632434031837	-0.104	-0.477	9.582	00
448	1632434031842	-0.104	-0.477	9.582	00
449	1632434031847	-0.104	-0.477	9.582	00
450	1632434031852	-0.123	-0.515	9.563	00
451	1632434031857	-0.123	-0.515	9.563	00
452	1632434031862	-0.123	-0.515	9.563	00
453	1632434031867	-0.123	-0.515	9.563	00
454	1632434031872	-0.114	-0.486	9.582	00
455	1632434031877	-0.114	-0.486	9.582	00
456	1632434031882	-0.114	-0.486	9.582	00
457	1632434031887	-0.114	-0.486	9.582	00
458	1632434031892	-0.104	-0.505	9.582	00
459	1632434031897	-0.104	-0.505	9.582	00
460	1632434031902	-0.104	-0.505	9.582	00
461	1632434031907	-0.104	-0.505	9.582	00
462	1632434031912	-0.104	-0.486	9.592	00
463	1632434031917	-0.104	-0.486	9.592	00
464	1632434031922	-0.104	-0.486	9.592	00
465	1632434031927	-0.104	-0.486	9.592	00
466	1632434031932	-0.066	-0.486	9.582	00
467	1632434031937	-0.066	-0.486	9.582	00
468	1632434031942	-0.066	-0.486	9.582	00
469	1632434031948	-0.066	-0.486	9.582	00
470	1632434031952	-0.085	-0.496	9.563	00
471	1632434031957	-0.085	-0.496	9.563	00
472	1632434031962	-0.085	-0.496	9.563	00
473	1632434031967	-0.085	-0.496	9.563	00
474	1632434031972	-0.095	-0.496	9.573	00
475	1632434031977	-0.095	-0.496	9.573	00
476	1632434031982	-0.095	-0.496	9.573	00
477	1632434031987	-0.095	-0.496	9.573	00
478	1632434031992	-0.114	-0.486	9.602	00
479	1632434031997	-0.114	-0.486	9.602	00
480	1632434032002	-0.114	-0.486	9.602	00
481	1632434032007	-0.114	-0.486	9.602	00
482	1632434032012	-0.085	-0.477	9.621	00
483	1632434032017	-0.085	-0.477	9.621	00
484	1632434032022	-0.085	-0.477	9.621	00
485	1632434032027	-0.085	-0.477	9.621	00
486	1632434032032	-0.085	-0.486	9.573	00
487	1632434032037	-0.085	-0.486	9.573	00
488	1632434032042	-0.085	-0.486	9.573	00
489	1632434032047	-0.085	-0.486	9.573	00
490	1632434032052	-0.066	-0.496	9.592	00
491	1632434032057	-0.066	-0.496	9.592	00
492	1632434032062	-0.066	-0.496	9.592	00
493	1632434032067	-0.066	-0.496	9.592	00
494	1632434032072	-0.095	-0.477	9.602	00
495	1632434032077	-0.095	-0.477	9.602	00
496	1632434032082	-0.095	-0.477	9.602	00
497	1632434032087	-0.095	-0.477	9.573	00
498	1632434032092	-0.095	-0.477	9.573	00
499	1632434032097	-0.095	-0.477	9.573	00
500	1632434032102	-0.095	-0.477	9.573	00
501	1632434032107	-0.104	-0.477	9.602	00
502	1632434032112	-0.104	-0.477	9.602	00
503	1632434032117	-0.104	-0.477	9.602	00
504	1632434032122	-0.104	-0.477	9.602	00
505	1632434032127	-0.104	-0.505	9.582	00
506	1632434032132	-0.104	-0.505	9.582	00
507	1632434032137	-0.104	-0.505	9.582	00
508	1632434032142	-0.104	-0.505	9.582	00
509	1632434032147	-0.075	-0.486	9.592	00
510	1632434032152	-0.075	-0.486	9.592	00
511	1632434032157	-0.075	-0.486	9.592	00
512	1632434032162	-0.075	-0.486	9.592	00
513	1632434032167	-0.066	-0.496	9.582	00
514	1632434032172	-0.066	-0.496	9.582	00
515	1632434032177	-0.066	-0.496	9.582	00
516	1632434032182	-0.066	-0.496	9.582	00
517	1632434032187	-0.095	-0.467	9.582	00
518	1632434032192	-0.095	-0.467	9.582	00
519	1632434032197	-0.095	-0.467	9.582	00
520	1632434032202	-0.095	-0.467	9.582	00
521	1632434032207	-0.075	-0.477	9.592	00
522	1632434032212	-0.075	-0.477	9.592	00
523	1632434032217	-0.075	-0.477	9.592	00
524	1632434032222	-0.075	-0.477	9.592	00
525	1632434032227	-0.085	-0.505	9.611	00
526	1632434032232	-0.085	-0.505	9.611	00
527	1632434032237	-0.085	-0.505	9.611	00
528	1632434032242	-0.085	-0.505	9.611	00
529	1632434032247	-0.085	-0.496	9.582	00
530	1632434032252	-0.085	-0.496	9.582	00
531	1632434032257	-0.085	-0.496	9.582	00
532	1632434032262	-0.085	-0.496	9.582	00
533	1632434032267	-0.085	-0.477	9.563	00
534	1632434032272	-0.085	-0.477	9.563	00
535	1632434032277	-0.085	-0.477	9.563	00
536	1632434032282	-0.085	-0.477	9.563	00
537	1632434032287	-0.075	-0.486	9.582	00
538	1632434032292	-0.075	-0.486	9.582	00
539	1632434032297	-0.075	-0.486	9.582	00
540	1632434032302	-0.075	-0.486	9.582	00
541	1632434032307	-0.085	-0.515	9.563	00
542	1632434032312	-0.085	-0.515	9.563	00
543	1632434032317	-0.085	-0.515	9.563	00
544	1632434032322	-0.085	-0.515	9.563	00
545	1632434032327	-0.104	-0.486	9.582	00
546	1632434032332	-0.104	-0.486	9.582	00
547	1632434032337	-0.104	-0.486	9.582	00
548	1632434032342	-0.104	-0.486	9.582	00
549	1632434032347	-0.104	-0.486	9.563	00
550	1632434032352	-0.104	-0.486	9.563	00
551	1632434032357	-0.104	-0.486	9.563	00
552	1632434032362	-0.104	-0.486	9.563	00
553	1632434032367	-0.075	-0.505	9.563	00
554	1632434032372	-0.075	-0.505	9.563	00
555	1632434032377	-0.075	-0.505	9.563	00
556	1632434032382	-0.075	-0.505	9.563	00
557	1632434032387	-0.085	-0.505	9.535	00
558	1632434032392	-0.085	-0.505	9.535	00
559	1632434032397	-0.085	-0.505	9.535	00
560	1632434032402	-0.104	-0.505	9.563	00
561	1632434032407	-0.104	-0.505	9.563	00
562	1632434032412	-0.104	-0.505	9.563	00
563	1632434032417	-0.104	-0.505	9.563	00
564	1632434032422	-0.085	-0.477	9.602	00
565	1632434032427	-0.085	-0.477	9.602	00
566	1632434032432	-0.085	-0.477	9.602	00
567	1632434032437	-0.085	-0.477	9.602	00
568	1632434032442	-0.095	-0.477	9.582	00
569	1632434032447	-0.095	-0.477	9.582	00
570	1632434032452	-0.095	-0.477	9.582	00
571	1632434032457	-0.095	-0.477	9.582	00
572	1632434032462	-0.066	-0.467	9.592	00
573	1632434032467	-0.066	-0.467	9.592	00
574	1632434032472	-0.066	-0.467	9.592	00
575	1632434032477	-0.066	-0.467	9.592	00
576	1632434032482	-0.085	-0.505	9.592	00
577	1632434032487	-0.085	-0.505	9.592	00
578	1632434032492	-0.085	-0.505	9.592	00
579	1632434032497	-0.085	-0.505	9.592	00
580	1632434032502	-0.104	-0.477	9.563	00
581	1632434032507	-0.104	-0.477	9.563	00
582	1632434032512	-0.104	-0.477	9.563	00
583	1632434032517	-0.104	-0.477	9.563	00
584	1632434032522	-0.085	-0.486	9.573	00
585	1632434032527	-0.085	-0.486	9.573	00
586	1632434032532	-0.085	-0.486	9.573	00
587	1632434032537	-0.085	-0.486	9.573	00
588	1632434032542	-0.085	-0.505	9.582	00
589	1632434032547	-0.085	-0.505	9.582	00
590	1632434032552	-0.085	-0.505	9.582	00
591	1632434032557	-0.085	-0.505	9.582	00
592	1632434032562	-0.095	-0.486	9.573	00
593	1632434032567	-0.095	-0.486	9.573	00
594	1632434032572	-0.095	-0.486	9.573	00
595	1632434032577	-0.095	-0.486	9.573	00
596	1632434032592	-0.095	-0.486	9.602	00
597	1632434032593	-0.095	-0.486	9.602	00
598	1632434032594	-0.095	-0.486	9.602	00
599	1632434032597	-0.095	-0.486	9.602	00
600	1632434032603	-0.075	-0.467	9.611	00
601	1632434032607	-0.075	-0.467	9.611	00
602	1632434032612	-0.075	-0.467	9.611	00
603	1632434032617	-0.075	-0.467	9.611	00
604	1632434032622	-0.085	-0.486	9.582	00
605	1632434032627	-0.085	-0.486	9.582	00
606	1632434032632	-0.085	-0.486	9.582	00
607	1632434032637	-0.085	-0.486	9.582	00
608	1632434032642	-0.104	-0.486	9.573	00
609	1632434032647	-0.104	-0.486	9.573	00
610	1632434032652	-0.104	-0.486	9.573	00
611	1632434032657	-0.104	-0.486	9.573	00
612	1632434032662	-0.085	-0.496	9.573	00
613	1632434032667	-0.085	-0.496	9.573	00
614	1632434032672	-0.085	-0.496	9.573	00
615	1632434032677	-0.085	-0.496	9.573	00
616	1632434032682	-0.095	-0.505	9.592	00
617	1632434032687	-0.095	-0.505	9.592	00
618	1632434032692	-0.095	-0.505	9.592	00
619	1632434032697	-0.095	-0.505	9.592	00
620	1632434032702	-0.104	-0.486	9.592	00
621	1632434032707	-0.104	-0.486	9.592	00
622	1632434032712	-0.104	-0.486	9.592	00
623	1632434032717	-0.085	-0.505	9.592	00
624	1632434032722	-0.085	-0.505	9.592	00
625	1632434032727	-0.085	-0.505	9.592	00
626	1632434032732	-0.085	-0.505	9.592	00
627	1632434032737	-0.095	-0.496	9.592	00
628	1632434032742	-0.095	-0.496	9.592	00
629	1632434032747	-0.095	-0.496	9.592	00
630	1632434032752	-0.095	-0.496	9.592	00
631	1632434032757	-0.095	-0.486	9.573	00
632	1632434032762	-0.095	-0.486	9.573	00
633	1632434032767	-0.095	-0.486	9.573	00
634	1632434032772	-0.095	-0.486	9.573	00
635	1632434032777	-0.095	-0.477	9.582	00
636	1632434032782	-0.095	-0.477	9.582	00
637	1632434032787	-0.095	-0.477	9.582	00
638	1632434032792	-0.095	-0.477	9.582	00
639	1632434032797	-0.085	-0.486	9.611	00
640	1632434032802	-0.085	-0.486	9.611	00
641	1632434032807	-0.085	-0.486	9.611	00
642	1632434032812	-0.085	-0.486	9.611	00
643	1632434032817	-0.095	-0.496	9.582	00
644	1632434032822	-0.095	-0.496	9.582	00
645	1632434032827	-0.095	-0.496	9.582	00
646	1632434032832	-0.095	-0.496	9.582	00
647	1632434032837	-0.085	-0.486	9.602	00
648	1632434032842	-0.085	-0.486	9.602	00
649	1632434032847	-0.085	-0.486	9.602	00
650	1632434032852	-0.085	-0.486	9.602	00
651	1632434032857	-0.095	-0.496	9.602	00
652	1632434032862	-0.095	-0.496	9.602	00
653	1632434032867	-0.095	-0.496	9.602	00
654	1632434032872	-0.095	-0.496	9.602	00
655	1632434032877	-0.095	-0.486	9.573	00
656	1632434032882	-0.095	-0.486	9.573	00
657	1632434032887	-0.095	-0.486	9.573	00
658	1632434032892	-0.095	-0.486	9.573	00
659	1632434032897	-0.104	-0.505	9.592	00
660	1632434032902	-0.104	-0.505	9.592	00
661	1632434032907	-0.104	-0.505	9.592	00
662	1632434032912	-0.104	-0.505	9.592	00
663	1632434032917	-0.066	-0.505	9.602	00
664	1632434032922	-0.066	-0.505	9.602	00
665	1632434032927	-0.066	-0.505	9.602	00
666	1632434032932	-0.066	-0.505	9.602	00
667	1632434032937	-0.075	-0.486	9.573	00
668	1632434032942	-0.075	-0.486	9.573	00
669	1632434032947	-0.075	-0.486	9.573	00
670	1632434032952	-0.075	-0.486	9.573	00
671	1632434032957	-0.114	-0.496	9.573	00
672	1632434032962	-0.114	-0.496	9.573	00
673	1632434032967	-0.114	-0.496	9.573	00
674	1632434032972	-0.114	-0.496	9.573	00
675	1632434032977	-0.095	-0.496	9.573	00
676	1632434032982	-0.095	-0.496	9.573	00
677	1632434032987	-0.095	-0.496	9.573	00
678	1632434032992	-0.095	-0.496	9.573	00
679	1632434032997	-0.095	-0.505	9.582	00
680	1632434033002	-0.095	-0.505	9.582	00
681	1632434033007	-0.095	-0.505	9.582	00
682	1632434033012	-0.095	-0.505	9.582	00
683	1632434033017	-0.095	-0.486	9.582	00
684	1632434033022	-0.095	-0.486	9.582	00
685	1632434033027	-0.095	-0.486	9.582	00
686	1632434033032	-0.104	-0.515	9.563	00
687	1632434033037	-0.104	-0.515	9.563	00
688	1632434033042	-0.104	-0.515	9.563	00
689	1632434033047	-0.104	-0.515	9.563	00
690	1632434033052	-0.075	-0.505	9.582	00
691	1632434033057	-0.075	-0.505	9.582	00
692	1632434033062	-0.075	-0.505	9.582	00
693	1632434033067	-0.075	-0.505	9.582	00
694	1632434033072	-0.075	-0.496	9.602	00
695	1632434033077	-0.075	-0.496	9.602	00
696	1632434033082	-0.075	-0.496	9.602	00
697	1632434033087	-0.075	-0.496	9.602	00
698	1632434033092	-0.066	-0.496	9.563	00
699	1632434033097	-0.066	-0.496	9.563	00
700	1632434033102	-0.066	-0.496	9.563	00
701	1632434033107	-0.066	-0.496	9.563	00
702	1632434033112	-0.085	-0.505	9.602	00
703	1632434033117	-0.085	-0.505	9.602	00
704	1632434033122	-0.085	-0.505	9.602	00
705	1632434033127	-0.085	-0.505	9.602	00
706	1632434033132	-0.095	-0.496	9.592	00
707	1632434033137	-0.095	-0.496	9.592	00
708	1632434033142	-0.095	-0.496	9.592	00
709	1632434033147	-0.095	-0.496	9.592	00
710	1632434033152	-0.095	-0.467	9.573	00
711	1632434033157	-0.095	-0.467	9.573	00
712	1632434033162	-0.095	-0.467	9.573	00
713	1632434033167	-0.095	-0.467	9.573	00
714	1632434033172	-0.104	-0.496	9.582	00
715	1632434033177	-0.104	-0.496	9.582	00
716	1632434033182	-0.104	-0.496	9.582	00
717	1632434033187	-0.104	-0.496	9.582	00
718	1632434033192	-0.075	-0.486	9.573	00
719	1632434033197	-0.075	-0.486	9.573	00
720	1632434033202	-0.075	-0.486	9.573	00
721	1632434033207	-0.075	-0.486	9.573	00
722	1632434033212	-0.085	-0.505	9.582	00
723	1632434033217	-0.085	-0.505	9.582	00
724	1632434033222	-0.085	-0.505	9.582	00
725	1632434033227	-0.085	-0.505	9.582	00
726	1632434033232	-0.095	-0.486	9.563	00
727	1632434033237	-0.095	-0.486	9.563	00
728	1632434033242	-0.095	-0.486	9.563	00
729	1632434033247	-0.095	-0.486	9.563	00
730	1632434033252	-0.075	-0.505	9.582	00
731	1632434033257	-0.075	-0.505	9.582	00
732	1632434033262	-0.075	-0.505	9.582	00
733	1632434033267	-0.075	-0.505	9.582	00
734	1632434033272	-0.075	-0.505	9.592	00
735	1632434033277	-0.075	-0.505	9.592	00
736	1632434033282	-0.075	-0.505	9.592	00
737	1632434033287	-0.075	-0.505	9.592	00
738	1632434033292	-0.095	-0.486	9.582	00
739	1632434033297	-0.095	-0.486	9.582	00
740	1632434033302	-0.095	-0.486	9.582	00
741	1632434033307	-0.095	-0.486	9.582	00
742	1632434033312	-0.095	-0.505	9.563	00
743	1632434033317	-0.095	-0.505	9.563	00
744	1632434033322	-0.095	-0.505	9.563	00
745	1632434033327	-0.095	-0.505	9.563	00
746	1632434033332	-0.095	-0.486	9.582	00
747	1632434033337	-0.095	-0.486	9.582	00
748	1632434033342	-0.095	-0.486	9.582	00
749	1632434033347	-0.085	-0.486	9.592	00
750	1632434033352	-0.085	-0.486	9.592	00
751	1632434033357	-0.085	-0.486	9.592	00
752	1632434033362	-0.085	-0.486	9.592	00
753	1632434033367	-0.123	-0.486	9.592	00
754	1632434033372	-0.123	-0.486	9.592	00
755	1632434033377	-0.123	-0.486	9.592	00
756	1632434033382	-0.123	-0.486	9.592	00
757	1632434033387	-0.114	-0.505	9.63	00
758	1632434033392	-0.114	-0.505	9.63	00
759	1632434033397	-0.114	-0.505	9.63	00
760	1632434033402	-0.114	-0.505	9.63	00
761	1632434033407	-0.075	-0.496	9.602	00
762	1632434033412	-0.075	-0.496	9.602	00
763	1632434033417	-0.075	-0.496	9.602	00
764	1632434033422	-0.075	-0.496	9.602	00
765	1632434033427	-0.104	-0.486	9.573	00
766	1632434033432	-0.104	-0.486	9.573	00
767	1632434033437	-0.104	-0.486	9.573	00
768	1632434033442	-0.104	-0.486	9.573	00
769	1632434033447	-0.085	-0.496	9.611	00
770	1632434033452	-0.085	-0.496	9.611	00
771	1632434033457	-0.085	-0.496	9.611	00
772	1632434033462	-0.085	-0.496	9.611	00
773	1632434033467	-0.104	-0.486	9.582	00
774	1632434033472	-0.104	-0.486	9.582	00
775	1632434033477	-0.104	-0.486	9.582	00
776	1632434033482	-0.104	-0.486	9.582	00
777	1632434033487	-0.085	-0.496	9.563	00
778	1632434033492	-0.085	-0.496	9.563	00
779	1632434033497	-0.085	-0.496	9.563	00
780	1632434033502	-0.085	-0.496	9.563	00
781	1632434033507	-0.095	-0.467	9.602	00
782	1632434033512	-0.095	-0.467	9.602	00
783	1632434033517	-0.095	-0.467	9.602	00
784	1632434033522	-0.095	-0.467	9.602	00
785	1632434033527	-0.085	-0.486	9.582	00
786	1632434033532	-0.085	-0.486	9.582	00
787	1632434033537	-0.085	-0.486	9.582	00
788	1632434033542	-0.085	-0.486	9.582	00
789	1632434033547	-0.075	-0.496	9.573	00
790	1632434033552	-0.075	-0.496	9.573	00
791	1632434033557	-0.075	-0.496	9.573	00
792	1632434033562	-0.075	-0.496	9.573	00
793	1632434033567	-0.085	-0.496	9.582	00
794	1632434033572	-0.085	-0.496	9.582	00
795	1632434033577	-0.085	-0.496	9.582	00
796	1632434033582	-0.085	-0.496	9.582	00
797	1632434033587	-0.085	-0.496	9.592	00
798	1632434033592	-0.085	-0.496	9.592	00
799	1632434033597	-0.085	-0.496	9.592	00
800	1632434033602	-0.085	-0.496	9.592	00
801	1632434033607	-0.075	-0.496	9.573	00
802	1632434033612	-0.075	-0.496	9.573	00
803	1632434033617	-0.075	-0.496	9.573	00
804	1632434033622	-0.075	-0.496	9.573	00
805	1632434033627	-0.095	-0.505	9.592	00
806	1632434033632	-0.095	-0.505	9.592	00
807	1632434033637	-0.095	-0.505	9.592	00
808	1632434033642	-0.095	-0.505	9.592	00
809	1632434033647	-0.095	-0.496	9.602	00
810	1632434033652	-0.095	-0.496	9.602	00
811	1632434033657	-0.095	-0.496	9.602	00
812	1632434033662	-0.075	-0.505	9.592	00
813	1632434033667	-0.075	-0.505	9.592	00
814	1632434033672	-0.075	-0.505	9.592	00
815	1632434033677	-0.075	-0.505	9.592	00
816	1632434033682	-0.095	-0.486	9.582	00
817	1632434033687	-0.095	-0.486	9.582	00
818	1632434033692	-0.095	-0.486	9.582	00
819	1632434033697	-0.095	-0.486	9.582	00
820	1632434033702	-0.104	-0.477	9.582	00
821	1632434033707	-0.104	-0.477	9.582	00
822	1632434033712	-0.104	-0.477	9.582	00
823	1632434033717	-0.104	-0.477	9.582	00
824	1632434033722	-0.075	-0.486	9.592	00
825	1632434033727	-0.075	-0.486	9.592	00
826	1632434033732	-0.075	-0.486	9.592	00
827	1632434033737	-0.075	-0.486	9.592	00
828	1632434033742	-0.104	-0.496	9.611	00
829	1632434033747	-0.104	-0.496	9.611	00
830	1632434033752	-0.104	-0.496	9.611	00
831	1632434033757	-0.104	-0.496	9.611	00
832	1632434033762	-0.085	-0.477	9.592	00
833	1632434033767	-0.085	-0.477	9.592	00
834	1632434033772	-0.085	-0.477	9.592	00
835	1632434033777	-0.085	-0.477	9.592	00
836	1632434033782	-0.123	-0.467	9.592	00
837	1632434033787	-0.123	-0.467	9.592	00
838	1632434033792	-0.123	-0.467	9.592	00
839	1632434033797	-0.123	-0.467	9.592	00
840	1632434033802	-0.114	-0.486	9.602	00
841	1632434033807	-0.114	-0.486	9.602	00
842	1632434033812	-0.114	-0.486	9.602	00
843	1632434033817	-0.114	-0.486	9.602	00
844	1632434033822	-0.056	-0.496	9.573	00
845	1632434033827	-0.056	-0.496	9.573	00
846	1632434033832	-0.056	-0.496	9.573	00
847	1632434033837	-0.056	-0.496	9.573	00
848	1632434033842	-0.085	-0.496	9.573	00
849	1632434033847	-0.085	-0.496	9.573	00
850	1632434033852	-0.085	-0.496	9.573	00
851	1632434033857	-0.085	-0.496	9.573	00
852	1632434033862	-0.095	-0.486	9.535	00
853	1632434033867	-0.095	-0.486	9.535	00
854	1632434033872	-0.095	-0.486	9.535	00
855	1632434033877	-0.095	-0.486	9.535	00
856	1632434033882	-0.066	-0.486	9.573	00
857	1632434033887	-0.066	-0.486	9.573	00
858	1632434033892	-0.066	-0.486	9.573	00
859	1632434033898	-0.066	-0.486	9.573	00
860	1632434033902	-0.085	-0.496	9.573	00
861	1632434033907	-0.085	-0.496	9.573	00
862	1632434033912	-0.085	-0.496	9.573	00
863	1632434033918	-0.085	-0.496	9.573	00
864	1632434033923	-0.075	-0.477	9.582	00
865	1632434033927	-0.075	-0.477	9.582	00
866	1632434033932	-0.075	-0.477	9.582	00
867	1632434033937	-0.075	-0.477	9.582	00
868	1632434033942	-0.095	-0.486	9.582	00
869	1632434033947	-0.095	-0.486	9.582	00
870	1632434033952	-0.095	-0.486	9.582	00
871	1632434033957	-0.095	-0.486	9.582	00
872	1632434033962	-0.095	-0.496	9.611	00
873	1632434033967	-0.095	-0.496	9.611	00
874	1632434033972	-0.095	-0.496	9.611	00
875	1632434033977	-0.104	-0.496	9.602	00
876	1632434033982	-0.104	-0.496	9.602	00
877	1632434033987	-0.104	-0.496	9.602	00
878	1632434033992	-0.104	-0.496	9.602	00
879	1632434033997	-0.114	-0.496	9.592	00
880	1632434034002	-0.114	-0.496	9.592	00
881	1632434034007	-0.114	-0.496	9.592	00
882	1632434034012	-0.114	-0.496	9.592	00
883	1632434034017	-0.104	-0.496	9.563	00
884	1632434034022	-0.104	-0.496	9.563	00
885	1632434034027	-0.104	-0.496	9.563	00
886	1632434034032	-0.104	-0.496	9.563	00
887	1632434034037	-0.095	-0.486	9.573	00
888	1632434034042	-0.095	-0.486	9.573	00
889	1632434034047	-0.095	-0.486	9.573	00
890	1632434034052	-0.095	-0.486	9.573	00
891	1632434034057	-0.114	-0.486	9.611	00
892	1632434034062	-0.114	-0.486	9.611	00
893	1632434034067	-0.114	-0.486	9.611	00
894	1632434034072	-0.114	-0.486	9.611	00
895	1632434034077	-0.104	-0.467	9.602	00
896	1632434034090	-0.104	-0.467	9.602	00
897	1632434034091	-0.104	-0.467	9.602	00
898	1632434034094	-0.104	-0.467	9.602	00
899	1632434034097	-0.095	-0.486	9.602	00
900	1632434034102	-0.095	-0.486	9.602	00
901	1632434034107	-0.095	-0.486	9.602	00
902	1632434034112	-0.095	-0.486	9.602	00
903	1632434034117	-0.095	-0.486	9.582	00
904	1632434034122	-0.095	-0.486	9.582	00
905	1632434034127	-0.095	-0.486	9.582	00
906	1632434034132	-0.095	-0.486	9.582	00
907	1632434034137	-0.056	-0.477	9.592	00
908	1632434034142	-0.056	-0.477	9.592	00
909	1632434034147	-0.056	-0.477	9.592	00
910	1632434034152	-0.056	-0.477	9.592	00
911	1632434034157	-0.066	-0.477	9.602	00
912	1632434034162	-0.066	-0.477	9.602	00
913	1632434034167	-0.066	-0.477	9.602	00
914	1632434034172	-0.066	-0.477	9.602	00
915	1632434034177	-0.085	-0.486	9.592	00
916	1632434034182	-0.085	-0.486	9.592	00
917	1632434034187	-0.085	-0.486	9.592	00
918	1632434034192	-0.085	-0.486	9.592	00
919	1632434034197	-0.085	-0.505	9.573	00
920	1632434034202	-0.085	-0.505	9.573	00
921	1632434034207	-0.085	-0.505	9.573	00
922	1632434034212	-0.085	-0.505	9.573	00
923	1632434034217	-0.095	-0.496	9.573	00
924	1632434034222	-0.095	-0.496	9.573	00
925	1632434034227	-0.095	-0.496	9.573	00
926	1632434034232	-0.095	-0.496	9.573	00
927	1632434034237	-0.075	-0.486	9.592	00
928	1632434034242	-0.075	-0.486	9.592	00
929	1632434034247	-0.075	-0.486	9.592	00
930	1632434034252	-0.075	-0.486	9.592	00
931	1632434034257	-0.075	-0.496	9.592	00
932	1632434034262	-0.075	-0.496	9.592	00
933	1632434034267	-0.075	-0.496	9.592	00
934	1632434034272	-0.075	-0.496	9.592	00
935	1632434034277	-0.066	-0.477	9.592	00
936	1632434034282	-0.066	-0.477	9.592	00
937	1632434034287	-0.066	-0.477	9.592	00
938	1632434034292	-0.095	-0.477	9.582	00
939	1632434034297	-0.095	-0.477	9.582	00
940	1632434034302	-0.095	-0.477	9.582	00
941	1632434034307	-0.095	-0.477	9.582	00
942	1632434034312	-0.075	-0.496	9.582	00
943	1632434034317	-0.075	-0.496	9.582	00
944	1632434034322	-0.075	-0.496	9.582	00
945	1632434034327	-0.075	-0.496	9.582	00
946	1632434034332	-0.104	-0.496	9.602	00
947	1632434034337	-0.104	-0.496	9.602	00
948	1632434034342	-0.104	-0.496	9.602	00
949	1632434034347	-0.104	-0.496	9.602	00
950	1632434034352	-0.104	-0.486	9.573	00
951	1632434034357	-0.104	-0.486	9.573	00
952	1632434034362	-0.104	-0.486	9.573	00
953	1632434034367	-0.104	-0.486	9.573	00
954	1632434034372	-0.056	-0.486	9.544	00
955	1632434034377	-0.056	-0.486	9.544	00
956	1632434034382	-0.056	-0.486	9.544	00
957	1632434034387	-0.056	-0.486	9.544	00
958	1632434034393	-0.085	-0.505	9.602	00
959	1632434034397	-0.085	-0.505	9.602	00
960	1632434034402	-0.085	-0.505	9.602	00
961	1632434034407	-0.085	-0.505	9.602	00
962	1632434034412	-0.095	-0.486	9.582	00
963	1632434034417	-0.095	-0.486	9.582	00
964	1632434034422	-0.095	-0.486	9.582	00
965	1632434034427	-0.095	-0.486	9.582	00
966	1632434034432	-0.114	-0.477	9.582	00
967	1632434034437	-0.114	-0.477	9.582	00
968	1632434034442	-0.114	-0.477	9.582	00
969	1632434034447	-0.114	-0.477	9.582	00
970	1632434034452	-0.075	-0.477	9.592	00
971	1632434034457	-0.075	-0.477	9.592	00
972	1632434034462	-0.075	-0.477	9.592	00
973	1632434034467	-0.075	-0.477	9.592	00
974	1632434034472	-0.114	-0.496	9.602	00
975	1632434034477	-0.114	-0.496	9.602	00
976	1632434034482	-0.114	-0.496	9.602	00
977	1632434034487	-0.114	-0.496	9.602	00
978	1632434034492	-0.095	-0.505	9.573	00
979	1632434034497	-0.095	-0.505	9.573	00
980	1632434034502	-0.095	-0.505	9.573	00
981	1632434034507	-0.095	-0.505	9.573	00
982	1632434034512	-0.085	-0.486	9.592	00
983	1632434034517	-0.085	-0.486	9.592	00
984	1632434034522	-0.085	-0.486	9.592	00
985	1632434034527	-0.085	-0.486	9.592	00
986	1632434034532	-0.085	-0.496	9.573	00
987	1632434034537	-0.085	-0.496	9.573	00
988	1632434034542	-0.085	-0.496	9.573	00
989	1632434034547	-0.085	-0.496	9.573	00
990	1632434034552	-0.095	-0.467	9.573	00
991	1632434034557	-0.095	-0.467	9.573	00
992	1632434034562	-0.095	-0.467	9.573	00
993	1632434034567	-0.095	-0.467	9.573	00
994	1632434034572	-0.104	-0.505	9.602	00
995	1632434034577	-0.104	-0.505	9.602	00
996	1632434034582	-0.104	-0.505	9.602	00
997	1632434034587	-0.104	-0.505	9.602	00
998	1632434034592	-0.075	-0.496	9.573	00
999	1632434034597	-0.075	-0.496	9.573	00
1000	1632434034602	-0.075	-0.496	9.573	00
1001	1632434034607	-0.075	-0.486	9.582	00
1002	1632434034612	-0.075	-0.486	9.582	00
1003	1632434034617	-0.075	-0.486	9.582	00
1004	1632434034622	-0.075	-0.486	9.582	00
1005	1632434034627	-0.085	-0.486	9.582	00
1006	1632434034632	-0.085	-0.486	9.582	00
1007	1632434034637	-0.085	-0.486	9.582	00
1008	1632434034642	-0.085	-0.486	9.582	00
1009	1632434034647	-0.095	-0.524	9.563	00
1010	1632434034652	-0.095	-0.524	9.563	00
1011	1632434034657	-0.095	-0.524	9.563	00
1012	1632434034662	-0.095	-0.524	9.563	00
1013	1632434034667	-0.095	-0.496	9.592	00
1014	1632434034672	-0.095	-0.496	9.592	00
1015	1632434034677	-0.095	-0.496	9.592	00
1016	1632434034682	-0.095	-0.496	9.592	00
1017	1632434034687	-0.085	-0.477	9.592	00
1018	1632434034692	-0.085	-0.477	9.592	00
1019	1632434034697	-0.085	-0.477	9.592	00
1020	1632434034702	-0.085	-0.477	9.592	00
1021	1632434034707	-0.104	-0.496	9.573	00
1022	1632434034712	-0.104	-0.496	9.573	00
1023	1632434034717	-0.104	-0.496	9.573	00
1024	1632434034722	-0.104	-0.496	9.573	00
1025	1632434034727	-0.095	-0.505	9.554	00
1026	1632434034732	-0.095	-0.505	9.554	00
1027	1632434034737	-0.095	-0.505	9.554	00
1028	1632434034742	-0.095	-0.505	9.554	00
1029	1632434034747	-0.085	-0.486	9.582	00
1030	1632434034752	-0.085	-0.486	9.582	00
1031	1632434034757	-0.085	-0.486	9.582	00
1032	1632434034762	-0.085	-0.486	9.582	00
1033	1632434034767	-0.104	-0.486	9.621	00
1034	1632434034772	-0.104	-0.486	9.621	00
1035	1632434034777	-0.104	-0.486	9.621	00
1036	1632434034782	-0.104	-0.486	9.621	00
1037	1632434034787	-0.095	-0.486	9.573	00
1038	1632434034792	-0.095	-0.486	9.573	00
1039	1632434034797	-0.095	-0.486	9.573	00
1040	1632434034802	-0.095	-0.486	9.573	00
1041	1632434034807	-0.085	-0.496	9.602	00
1042	1632434034812	-0.085	-0.496	9.602	00
1043	1632434034817	-0.085	-0.496	9.602	00
1044	1632434034822	-0.085	-0.496	9.602	00
1045	1632434034827	-0.104	-0.496	9.602	00
1046	1632434034832	-0.104	-0.496	9.602	00
1047	1632434034837	-0.104	-0.496	9.602	00
1048	1632434034842	-0.104	-0.496	9.602	00
1049	1632434034847	-0.104	-0.486	9.582	00
1050	1632434034852	-0.104	-0.486	9.582	00
1051	1632434034857	-0.104	-0.486	9.582	00
1052	1632434034862	-0.104	-0.486	9.582	00
1053	1632434034867	-0.075	-0.477	9.563	00
1054	1632434034872	-0.075	-0.477	9.563	00
1055	1632434034877	-0.075	-0.477	9.563	00
1056	1632434034882	-0.075	-0.477	9.563	00
1057	1632434034887	-0.085	-0.496	9.554	00
1058	1632434034892	-0.085	-0.496	9.554	00
1059	1632434034897	-0.085	-0.496	9.554	00
1060	1632434034902	-0.114	-0.496	9.592	00
1061	1632434034907	-0.114	-0.496	9.592	00
1062	1632434034912	-0.114	-0.496	9.592	00
1063	1632434034917	-0.114	-0.496	9.592	00
1064	1632434034923	-0.095	-0.477	9.582	00
1065	1632434034927	-0.095	-0.477	9.582	00
1066	1632434034932	-0.095	-0.477	9.582	00
1067	1632434034937	-0.095	-0.477	9.582	00
1068	1632434034942	-0.104	-0.496	9.582	00
1069	1632434034947	-0.104	-0.496	9.582	00
1070	1632434034952	-0.104	-0.496	9.582	00
1071	1632434034957	-0.104	-0.496	9.582	00
1072	1632434034962	-0.095	-0.505	9.582	00
1073	1632434034969	-0.095	-0.505	9.582	00
1074	1632434034972	-0.095	-0.505	9.582	00
1075	1632434034977	-0.095	-0.505	9.582	00
1076	1632434034982	-0.095	-0.486	9.602	00
1077	1632434034987	-0.095	-0.486	9.602	00
1078	1632434034992	-0.095	-0.486	9.602	00
1079	1632434034997	-0.095	-0.486	9.602	00
1080	1632434035002	-0.095	-0.505	9.602	00
1081	1632434035007	-0.095	-0.505	9.602	00
1082	1632434035012	-0.095	-0.505	9.602	00
1083	1632434035017	-0.095	-0.505	9.602	00
1084	1632434035022	-0.085	-0.486	9.602	00
1085	1632434035027	-0.085	-0.486	9.602	00
1086	1632434035032	-0.085	-0.486	9.602	00
1087	1632434035037	-0.085	-0.486	9.602	00
1088	1632434035042	-0.095	-0.496	9.592	00
1089	1632434035049	-0.095	-0.496	9.592	00
1090	1632434035052	-0.095	-0.496	9.592	00
1091	1632434035057	-0.095	-0.496	9.592	00
1092	1632434035062	-0.095	-0.486	9.582	00
1093	1632434035067	-0.095	-0.486	9.582	00
1094	1632434035072	-0.095	-0.486	9.582	00
1095	1632434035077	-0.095	-0.486	9.582	00
1096	1632434035082	-0.085	-0.477	9.573	00
1097	1632434035087	-0.085	-0.477	9.573	00
1098	1632434035092	-0.085	-0.477	9.573	00
1099	1632434035098	-0.085	-0.477	9.573	00
1100	1632434035102	-0.114	-0.467	9.602	00
1101	1632434035107	-0.114	-0.467	9.602	00
1102	1632434035112	-0.114	-0.467	9.602	00
1103	1632434035117	-0.114	-0.467	9.602	00
1104	1632434035122	-0.066	-0.477	9.582	00
1105	1632434035127	-0.066	-0.477	9.582	00
1106	1632434035132	-0.066	-0.477	9.582	00
1107	1632434035139	-0.066	-0.477	9.582	00
1108	1632434035142	-0.104	-0.505	9.582	00
1109	1632434035147	-0.104	-0.505	9.582	00
1110	1632434035152	-0.104	-0.505	9.582	00
1111	1632434035157	-0.104	-0.505	9.582	00
1112	1632434035162	-0.104	-0.477	9.592	00
1113	1632434035167	-0.104	-0.477	9.592	00
1114	1632434035172	-0.104	-0.477	9.592	00
1115	1632434035177	-0.104	-0.477	9.592	00
1116	1632434035182	-0.085	-0.467	9.582	00
1117	1632434035187	-0.085	-0.467	9.582	00
1118	1632434035192	-0.085	-0.467	9.582	00
1119	1632434035197	-0.085	-0.467	9.582	00
1120	1632434035202	-0.123	-0.467	9.582	00
1121	1632434035207	-0.123	-0.467	9.582	00
1122	1632434035212	-0.123	-0.467	9.582	00
1123	1632434035217	-0.095	-0.496	9.592	00
1124	1632434035222	-0.095	-0.496	9.592	00
1125	1632434035227	-0.095	-0.496	9.592	00
1126	1632434035232	-0.095	-0.496	9.592	00
1127	1632434035237	-0.085	-0.477	9.592	00
1128	1632434035242	-0.085	-0.477	9.592	00
1129	1632434035247	-0.085	-0.477	9.592	00
1130	1632434035252	-0.085	-0.477	9.592	00
1131	1632434035257	-0.095	-0.505	9.602	00
1132	1632434035262	-0.095	-0.505	9.602	00
1133	1632434035267	-0.095	-0.505	9.602	00
1134	1632434035272	-0.095	-0.505	9.602	00
1135	1632434035277	-0.075	-0.486	9.582	00
1136	1632434035282	-0.075	-0.486	9.582	00
1137	1632434035287	-0.075	-0.486	9.582	00
1138	1632434035292	-0.075	-0.486	9.582	00
1139	1632434035297	-0.075	-0.486	9.592	00
1140	1632434035302	-0.075	-0.486	9.592	00
1141	1632434035307	-0.075	-0.486	9.592	00
1142	1632434035312	-0.075	-0.486	9.592	00
1143	1632434035317	-0.104	-0.496	9.563	00
1144	1632434035322	-0.104	-0.496	9.563	00
1145	1632434035327	-0.104	-0.496	9.563	00
1146	1632434035332	-0.104	-0.496	9.563	00
1147	1632434035337	-0.075	-0.496	9.554	00
1148	1632434035342	-0.075	-0.496	9.554	00
1149	1632434035347	-0.075	-0.496	9.554	00
1150	1632434035352	-0.075	-0.496	9.554	00
1151	1632434035357	-0.095	-0.496	9.582	00
1152	1632434035362	-0.095	-0.496	9.582	00
1153	1632434035367	-0.095	-0.496	9.582	00
1154	1632434035372	-0.095	-0.496	9.582	00
1155	1632434035377	-0.104	-0.477	9.582	00
1156	1632434035382	-0.104	-0.477	9.582	00
1157	1632434035387	-0.104	-0.477	9.582	00
1158	1632434035392	-0.104	-0.477	9.582	00
1159	1632434035397	-0.075	-0.486	9.563	00
1160	1632434035402	-0.075	-0.486	9.563	00
1161	1632434035407	-0.075	-0.486	9.563	00
1162	1632434035412	-0.075	-0.486	9.563	00
1163	1632434035417	-0.114	-0.486	9.592	00
1164	1632434035422	-0.114	-0.486	9.592	00
1165	1632434035427	-0.114	-0.486	9.592	00
1166	1632434035432	-0.114	-0.486	9.592	00
1167	1632434035437	-0.095	-0.477	9.573	00
1168	1632434035442	-0.095	-0.477	9.573	00
1169	1632434035447	-0.095	-0.477	9.573	00
1170	1632434035452	-0.095	-0.477	9.573	00
1171	1632434035457	-0.075	-0.477	9.592	00
1172	1632434035462	-0.075	-0.477	9.592	00
1173	1632434035467	-0.075	-0.477	9.592	00
1174	1632434035472	-0.075	-0.477	9.592	00
1175	1632434035477	-0.095	-0.477	9.573	00
1176	1632434035482	-0.095	-0.477	9.573	00
1177	1632434035487	-0.095	-0.477	9.573	00
1178	1632434035492	-0.095	-0.477	9.573	00
1179	1632434035497	-0.104	-0.496	9.602	00
1180	1632434035502	-0.104	-0.496	9.602	00
1181	1632434035507	-0.104	-0.496	9.602	00
1182	1632434035512	-0.104	-0.496	9.602	00
1183	1632434035517	-0.095	-0.496	9.602	00
1184	1632434035522	-0.095	-0.496	9.602	00
1185	1632434035527	-0.095	-0.496	9.602	00
1186	1632434035532	-0.075	-0.505	9.611	00
1187	1632434035537	-0.075	-0.505	9.611	00
1188	1632434035542	-0.075	-0.505	9.611	00
1189	1632434035547	-0.075	-0.505	9.611	00
1190	1632434035552	-0.085	-0.477	9.592	00
1191	1632434035557	-0.085	-0.477	9.592	00
1192	1632434035562	-0.085	-0.477	9.592	00
1193	1632434035567	-0.085	-0.477	9.592	00
1194	1632434035572	-0.085	-0.496	9.592	00
1195	1632434035577	-0.085	-0.496	9.592	00
1196	1632434035593	-0.085	-0.496	9.592	00
1197	1632434035594	-0.085	-0.496	9.592	00
1198	1632434035595	-0.095	-0.496	9.582	00
1199	1632434035598	-0.095	-0.496	9.582	00
1200	1632434035602	-0.095	-0.496	9.582	00
1201	1632434035608	-0.095	-0.496	9.582	00
1202	1632434035612	-0.066	-0.524	9.573	00
1203	1632434035617	-0.066	-0.524	9.573	00
1204	1632434035622	-0.066	-0.524	9.573	00
1205	1632434035627	-0.066	-0.524	9.573	00
1206	1632434035632	-0.085	-0.477	9.573	00
1207	1632434035637	-0.085	-0.477	9.573	00
1208	1632434035642	-0.085	-0.477	9.573	00
1209	1632434035647	-0.085	-0.477	9.573	00
1210	1632434035652	-0.066	-0.486	9.592	00
1211	1632434035657	-0.066	-0.486	9.592	00
1212	1632434035662	-0.066	-0.486	9.592	00
1213	1632434035667	-0.066	-0.486	9.592	00
1214	1632434035672	-0.085	-0.486	9.563	00
1215	1632434035677	-0.085	-0.486	9.563	00
1216	1632434035682	-0.085	-0.486	9.563	00
1217	1632434035687	-0.085	-0.486	9.563	00
1218	1632434035692	-0.095	-0.505	9.554	00
1219	1632434035697	-0.095	-0.505	9.554	00
1220	1632434035702	-0.095	-0.505	9.554	00
1221	1632434035707	-0.095	-0.505	9.554	00
1222	1632434035712	-0.095	-0.515	9.602	00
1223	1632434035717	-0.095	-0.515	9.602	00
1224	1632434035722	-0.095	-0.515	9.602	00
1225	1632434035727	-0.095	-0.515	9.602	00
1226	1632434035732	-0.085	-0.486	9.573	00
1227	1632434035737	-0.085	-0.486	9.573	00
1228	1632434035742	-0.085	-0.486	9.573	00
1229	1632434035747	-0.085	-0.486	9.573	00
1230	1632434035752	-0.066	-0.515	9.592	00
1231	1632434035757	-0.066	-0.515	9.592	00
1232	1632434035762	-0.066	-0.515	9.592	00
1233	1632434035767	-0.066	-0.515	9.592	00
1234	1632434035772	-0.095	-0.496	9.573	00
1235	1632434035777	-0.095	-0.496	9.573	00
1236	1632434035782	-0.095	-0.496	9.573	00
1237	1632434035787	-0.095	-0.496	9.573	00
1238	1632434035792	-0.095	-0.486	9.582	00
1239	1632434035797	-0.095	-0.486	9.582	00
1240	1632434035802	-0.095	-0.486	9.582	00
1241	1632434035807	-0.095	-0.486	9.582	00
1242	1632434035812	-0.085	-0.467	9.592	00
1243	1632434035817	-0.085	-0.467	9.592	00
1244	1632434035822	-0.085	-0.467	9.592	00
1245	1632434035827	-0.095	-0.515	9.592	00
1246	1632434035832	-0.095	-0.515	9.592	00
1247	1632434035837	-0.095	-0.515	9.592	00
1248	1632434035842	-0.095	-0.515	9.592	00
1249	1632434035847	-0.075	-0.496	9.563	00
1250	1632434035852	-0.075	-0.496	9.563	00
1251	1632434035857	-0.075	-0.496	9.563	00
1252	1632434035862	-0.075	-0.496	9.563	00
1253	1632434035867	-0.075	-0.505	9.592	00
1254	1632434035872	-0.075	-0.505	9.592	00
1255	1632434035877	-0.075	-0.505	9.592	00
1256	1632434035882	-0.075	-0.505	9.592	00
1257	1632434035887	-0.095	-0.477	9.582	00
1258	1632434035892	-0.095	-0.477	9.582	00
1259	1632434035897	-0.095	-0.477	9.582	00
1260	1632434035902	-0.095	-0.477	9.582	00
1261	1632434035907	-0.066	-0.477	9.573	00
1262	1632434035912	-0.066	-0.477	9.573	00
1263	1632434035917	-0.066	-0.477	9.573	00
1264	1632434035922	-0.066	-0.477	9.573	00
1265	1632434035927	-0.075	-0.505	9.602	00
1266	1632434035932	-0.075	-0.505	9.602	00
1267	1632434035937	-0.075	-0.505	9.602	00
1268	1632434035942	-0.075	-0.505	9.602	00
1269	1632434035947	-0.085	-0.505	9.582	00
1270	1632434035952	-0.085	-0.505	9.582	00
1271	1632434035957	-0.085	-0.505	9.582	00
1272	1632434035962	-0.085	-0.505	9.582	00
1273	1632434035967	-0.085	-0.505	9.582	00
1274	1632434035972	-0.085	-0.505	9.582	00
1275	1632434035977	-0.085	-0.505	9.582	00
1276	1632434035982	-0.085	-0.505	9.582	00
1277	1632434035987	-0.085	-0.496	9.602	00
1278	1632434035992	-0.085	-0.496	9.602	00
1279	1632434035997	-0.085	-0.496	9.602	00
1280	1632434036002	-0.085	-0.496	9.602	00
1281	1632434036007	-0.095	-0.486	9.592	00
1282	1632434036012	-0.095	-0.486	9.592	00
1283	1632434036017	-0.095	-0.486	9.592	00
1284	1632434036022	-0.095	-0.486	9.592	00
1285	1632434036027	-0.095	-0.486	9.573	00
1286	1632434036032	-0.095	-0.486	9.573	00
1287	1632434036037	-0.095	-0.486	9.573	00
1288	1632434036042	-0.095	-0.486	9.573	00
1289	1632434036047	-0.085	-0.515	9.592	00
1290	1632434036052	-0.085	-0.515	9.592	00
1291	1632434036057	-0.085	-0.515	9.592	00
1292	1632434036062	-0.085	-0.515	9.592	00
1293	1632434036067	-0.075	-0.486	9.582	00
1294	1632434036072	-0.075	-0.486	9.582	00
1295	1632434036077	-0.075	-0.486	9.582	00
1296	1632434036082	-0.075	-0.486	9.582	00
1297	1632434036087	-0.075	-0.505	9.592	00
1298	1632434036092	-0.075	-0.505	9.592	00
1299	1632434036097	-0.075	-0.505	9.592	00
1300	1632434036102	-0.075	-0.505	9.592	00
1301	1632434036107	-0.114	-0.496	9.573	00
1302	1632434036112	-0.114	-0.496	9.573	00
1303	1632434036119	-0.114	-0.496	9.573	00
1304	1632434036122	-0.114	-0.496	9.573	00
1305	1632434036127	-0.114	-0.505	9.611	00
1306	1632434036132	-0.114	-0.505	9.611	00
1307	1632434036137	-0.114	-0.505	9.611	00
1308	1632434036142	-0.114	-0.505	9.611	00
1309	1632434036147	-0.075	-0.505	9.592	00
1310	1632434036152	-0.075	-0.505	9.592	00
1311	1632434036157	-0.075	-0.505	9.592	00
1312	1632434036162	-0.095	-0.496	9.582	00
1313	1632434036167	-0.095	-0.496	9.582	00
1314	1632434036172	-0.095	-0.496	9.582	00
1315	1632434036177	-0.095	-0.496	9.582	00
1316	1632434036182	-0.075	-0.486	9.563	00
1317	1632434036187	-0.075	-0.486	9.563	00
1318	1632434036192	-0.075	-0.486	9.563	00
1319	1632434036197	-0.075	-0.486	9.563	00
1320	1632434036202	-0.114	-0.477	9.582	00
1321	1632434036207	-0.114	-0.477	9.582	00
1322	1632434036212	-0.114	-0.477	9.582	00
1323	1632434036217	-0.114	-0.477	9.582	00
1324	1632434036222	-0.085	-0.486	9.592	00
1325	1632434036227	-0.085	-0.486	9.592	00
1326	1632434036232	-0.085	-0.486	9.592	00
1327	1632434036237	-0.085	-0.486	9.592	00
1328	1632434036242	-0.085	-0.496	9.582	00
1329	1632434036247	-0.085	-0.496	9.582	00
1330	1632434036252	-0.085	-0.496	9.582	00
1331	1632434036257	-0.085	-0.496	9.582	00
1332	1632434036262	-0.085	-0.496	9.573	00
1333	1632434036267	-0.085	-0.496	9.573	00
1334	1632434036272	-0.085	-0.496	9.573	00
1335	1632434036277	-0.085	-0.496	9.573	00
1336	1632434036282	-0.095	-0.505	9.573	00
1337	1632434036287	-0.095	-0.505	9.573	00
1338	1632434036292	-0.095	-0.505	9.573	00
1339	1632434036297	-0.095	-0.505	9.573	00
1340	1632434036302	-0.075	-0.496	9.582	00
1341	1632434036307	-0.075	-0.496	9.582	00
1342	1632434036312	-0.075	-0.496	9.582	00
1343	1632434036317	-0.075	-0.496	9.582	00
1344	1632434036322	-0.066	-0.496	9.554	00
1345	1632434036327	-0.066	-0.496	9.554	00
1346	1632434036332	-0.066	-0.496	9.554	00
1347	1632434036337	-0.066	-0.496	9.554	00
1348	1632434036342	-0.104	-0.486	9.554	00
1349	1632434036347	-0.104	-0.486	9.554	00
1350	1632434036352	-0.104	-0.486	9.554	00
1351	1632434036357	-0.104	-0.486	9.554	00
1352	1632434036362	-0.056	-0.486	9.602	00
1353	1632434036367	-0.056	-0.486	9.602	00
1354	1632434036372	-0.056	-0.486	9.602	00
1355	1632434036377	-0.056	-0.486	9.602	00
1356	1632434036382	-0.075	-0.477	9.582	00
1357	1632434036387	-0.075	-0.477	9.582	00
1358	1632434036392	-0.075	-0.477	9.582	00
1359	1632434036397	-0.075	-0.477	9.582	00
1360	1632434036402	-0.085	-0.486	9.611	00
1361	1632434036407	-0.085	-0.486	9.611	00
1362	1632434036412	-0.085	-0.486	9.611	00
1363	1632434036417	-0.085	-0.486	9.611	00
1364	1632434036422	-0.095	-0.477	9.602	00
1365	1632434036427	-0.095	-0.477	9.602	00
1366	1632434036432	-0.095	-0.477	9.602	00
1367	1632434036437	-0.095	-0.477	9.602	00
1368	1632434036442	-0.095	-0.496	9.573	00
1369	1632434036447	-0.095	-0.496	9.573	00
1370	1632434036452	-0.095	-0.496	9.573	00
1371	1632434036457	-0.114	-0.486	9.592	00
1372	1632434036462	-0.114	-0.486	9.592	00
1373	1632434036467	-0.114	-0.486	9.592	00
1374	1632434036472	-0.114	-0.486	9.592	00
1375	1632434036477	-0.095	-0.477	9.602	00
1376	1632434036482	-0.095	-0.477	9.602	00
1377	1632434036487	-0.095	-0.477	9.602	00
1378	1632434036492	-0.095	-0.477	9.602	00
1379	1632434036497	-0.114	-0.486	9.611	00
1380	1632434036502	-0.114	-0.486	9.611	00
1381	1632434036507	-0.114	-0.486	9.611	00
1382	1632434036512	-0.114	-0.486	9.611	00
1383	1632434036517	-0.075	-0.477	9.602	00
1384	1632434036522	-0.075	-0.477	9.602	00
1385	1632434036527	-0.075	-0.477	9.602	00
1386	1632434036532	-0.075	-0.477	9.602	00
1387	1632434036537	-0.095	-0.496	9.573	00
1388	1632434036542	-0.095	-0.496	9.573	00
1389	1632434036547	-0.095	-0.496	9.573	00
1390	1632434036552	-0.095	-0.496	9.573	00
1391	1632434036557	-0.114	-0.486	9.573	00
1392	1632434036562	-0.114	-0.486	9.573	00
1393	1632434036567	-0.114	-0.486	9.573	00
1394	1632434036572	-0.114	-0.486	9.573	00
1395	1632434036577	-0.075	-0.486	9.592	00
1396	1632434036582	-0.075	-0.486	9.592	00
1397	1632434036587	-0.075	-0.486	9.592	00
1398	1632434036592	-0.075	-0.486	9.592	00
1399	1632434036597	-0.095	-0.496	9.592	00
1400	1632434036602	-0.095	-0.496	9.592	00
1401	1632434036607	-0.095	-0.496	9.592	00
1402	1632434036612	-0.095	-0.496	9.592	00
1403	1632434036617	-0.066	-0.486	9.582	00
1404	1632434036622	-0.066	-0.486	9.582	00
1405	1632434036627	-0.066	-0.486	9.582	00
1406	1632434036632	-0.066	-0.486	9.582	00
1407	1632434036637	-0.075	-0.505	9.602	00
1408	1632434036642	-0.075	-0.505	9.602	00
1409	1632434036647	-0.075	-0.505	9.602	00
1410	1632434036652	-0.075	-0.505	9.602	00
1411	1632434036657	-0.075	-0.477	9.582	00
1412	1632434036662	-0.075	-0.477	9.582	00
1413	1632434036667	-0.075	-0.477	9.582	00
1414	1632434036672	-0.075	-0.477	9.582	00
1415	1632434036677	-0.104	-0.496	9.582	00
1416	1632434036682	-0.104	-0.496	9.582	00
1417	1632434036687	-0.104	-0.496	9.582	00
1418	1632434036692	-0.104	-0.496	9.582	00
1419	1632434036697	-0.104	-0.496	9.621	00
1420	1632434036702	-0.104	-0.496	9.621	00
1421	1632434036707	-0.104	-0.496	9.621	00
1422	1632434036712	-0.104	-0.496	9.621	00
1423	1632434036717	-0.075	-0.457	9.573	00
1424	1632434036722	-0.075	-0.457	9.573	00
1425	1632434036727	-0.075	-0.457	9.573	00
1426	1632434036732	-0.075	-0.457	9.573	00
1427	1632434036737	-0.095	-0.477	9.573	00
1428	1632434036742	-0.095	-0.477	9.573	00
1429	1632434036747	-0.095	-0.477	9.573	00
1430	1632434036752	-0.095	-0.477	9.573	00
1431	1632434036757	-0.095	-0.496	9.621	00
1432	1632434036762	-0.095	-0.496	9.621	00
1433	1632434036767	-0.095	-0.496	9.621	00
1434	1632434036772	-0.104	-0.496	9.563	00
1435	1632434036777	-0.104	-0.496	9.563	00
1436	1632434036782	-0.104	-0.496	9.563	00
1437	1632434036787	-0.104	-0.496	9.563	00
1438	1632434036792	-0.104	-0.496	9.63	00
1439	1632434036797	-0.104	-0.496	9.63	00
1440	1632434036802	-0.104	-0.496	9.63	00
1441	1632434036807	-0.104	-0.496	9.63	00
1442	1632434036812	-0.095	-0.486	9.592	00
1443	1632434036817	-0.095	-0.486	9.592	00
1444	1632434036822	-0.095	-0.486	9.592	00
1445	1632434036827	-0.095	-0.486	9.592	00
1446	1632434036832	-0.095	-0.486	9.602	00
1447	1632434036837	-0.095	-0.486	9.602	00
1448	1632434036842	-0.095	-0.486	9.602	00
1449	1632434036847	-0.095	-0.486	9.602	00
1450	1632434036852	-0.114	-0.505	9.582	00
1451	1632434036857	-0.114	-0.505	9.582	00
1452	1632434036862	-0.114	-0.505	9.582	00
1453	1632434036867	-0.114	-0.505	9.582	00
1454	1632434036872	-0.075	-0.486	9.582	00
1455	1632434036877	-0.075	-0.486	9.582	00
1456	1632434036882	-0.075	-0.486	9.582	00
1457	1632434036887	-0.075	-0.486	9.582	00
1458	1632434036892	-0.056	-0.496	9.563	00
1459	1632434036897	-0.056	-0.496	9.563	00
1460	1632434036902	-0.056	-0.496	9.563	00
1461	1632434036907	-0.056	-0.496	9.563	00
1462	1632434036912	-0.066	-0.505	9.582	00
1463	1632434036917	-0.066	-0.505	9.582	00
1464	1632434036922	-0.066	-0.505	9.582	00
1465	1632434036927	-0.066	-0.505	9.582	00
1466	1632434036932	-0.095	-0.496	9.573	00
1467	1632434036937	-0.095	-0.496	9.573	00
1468	1632434036942	-0.095	-0.496	9.573	00
1469	1632434036947	-0.095	-0.496	9.573	00
1470	1632434036952	-0.095	-0.477	9.611	00
1471	1632434036957	-0.095	-0.477	9.611	00
1472	1632434036962	-0.095	-0.477	9.611	00
1473	1632434036967	-0.095	-0.477	9.611	00
1474	1632434036972	-0.085	-0.486	9.621	00
1475	1632434036977	-0.085	-0.486	9.621	00
1476	1632434036982	-0.085	-0.486	9.621	00
1477	1632434036987	-0.085	-0.486	9.621	00
1478	1632434036992	-0.075	-0.496	9.582	00
1479	1632434036997	-0.075	-0.496	9.582	00
1480	1632434037002	-0.075	-0.496	9.582	00
1481	1632434037009	-0.075	-0.496	9.582	00
1482	1632434037014	-0.095	-0.505	9.582	00
1483	1632434037017	-0.095	-0.505	9.582	00
1484	1632434037022	-0.095	-0.505	9.582	00
1485	1632434037027	-0.095	-0.505	9.582	00
1486	1632434037032	-0.123	-0.486	9.611	00
1487	1632434037037	-0.123	-0.486	9.611	00
1488	1632434037042	-0.123	-0.486	9.611	00
1489	1632434037047	-0.123	-0.486	9.611	00
1490	1632434037052	-0.104	-0.477	9.592	00
1491	1632434037057	-0.104	-0.477	9.592	00
1492	1632434037062	-0.104	-0.477	9.592	00
1493	1632434037067	-0.104	-0.477	9.592	00
1494	1632434037072	-0.114	-0.477	9.563	00
1495	1632434037077	-0.114	-0.477	9.563	00
1496	1632434037092	-0.114	-0.477	9.563	00
1497	1632434037093	-0.075	-0.496	9.592	00
1498	1632434037094	-0.075	-0.496	9.592	00
1499	1632434037097	-0.075	-0.496	9.592	00
1500	1632434037102	-0.075	-0.496	9.592	00
1501	1632434037108	-0.085	-0.477	9.602	00
1502	1632434037112	-0.085	-0.477	9.602	00
1503	1632434037117	-0.085	-0.477	9.602	00
1504	1632434037122	-0.085	-0.477	9.602	00
1505	1632434037127	-0.085	-0.496	9.592	00
1506	1632434037132	-0.085	-0.496	9.592	00
1507	1632434037137	-0.085	-0.496	9.592	00
1508	1632434037142	-0.085	-0.496	9.592	00
1509	1632434037147	-0.075	-0.486	9.602	00
1510	1632434037152	-0.075	-0.486	9.602	00
1511	1632434037157	-0.075	-0.486	9.602	00
1512	1632434037162	-0.075	-0.486	9.602	00
1513	1632434037167	-0.104	-0.486	9.602	00
1514	1632434037172	-0.104	-0.486	9.602	00
1515	1632434037177	-0.104	-0.486	9.602	00
1516	1632434037182	-0.104	-0.486	9.602	00
1517	1632434037187	-0.075	-0.496	9.592	00
1518	1632434037192	-0.075	-0.496	9.592	00
1519	1632434037197	-0.075	-0.496	9.592	00
1520	1632434037202	-0.075	-0.496	9.592	00
1521	1632434037207	-0.104	-0.505	9.611	00
1522	1632434037212	-0.104	-0.505	9.611	00
1523	1632434037219	-0.104	-0.505	9.611	00
1524	1632434037222	-0.104	-0.505	9.611	00
1525	1632434037227	-0.085	-0.486	9.563	00
1526	1632434037232	-0.085	-0.486	9.563	00
1527	1632434037237	-0.085	-0.486	9.563	00
1528	1632434037242	-0.085	-0.486	9.563	00
1529	1632434037247	-0.095	-0.477	9.592	00
1530	1632434037252	-0.095	-0.477	9.592	00
1531	1632434037257	-0.095	-0.477	9.592	00
1532	1632434037262	-0.095	-0.477	9.592	00
1533	1632434037267	-0.085	-0.477	9.573	00
1534	1632434037272	-0.085	-0.477	9.573	00
1535	1632434037277	-0.085	-0.477	9.573	00
1536	1632434037282	-0.085	-0.477	9.573	00
1537	1632434037287	-0.085	-0.496	9.602	00
1538	1632434037292	-0.085	-0.496	9.602	00
1539	1632434037297	-0.085	-0.496	9.602	00
1540	1632434037302	-0.085	-0.496	9.602	00
1541	1632434037307	-0.104	-0.496	9.592	00
1542	1632434037312	-0.104	-0.496	9.592	00
1543	1632434037317	-0.104	-0.496	9.592	00
1544	1632434037322	-0.104	-0.496	9.592	00
1545	1632434037327	-0.066	-0.505	9.582	00
1546	1632434037332	-0.066	-0.505	9.582	00
1547	1632434037337	-0.066	-0.505	9.582	00
1548	1632434037342	-0.066	-0.505	9.582	00
1549	1632434037347	-0.104	-0.505	9.621	00
1550	1632434037352	-0.104	-0.505	9.621	00
1551	1632434037357	-0.104	-0.505	9.621	00
1552	1632434037362	-0.104	-0.505	9.621	00
1553	1632434037367	-0.066	-0.496	9.602	00
1554	1632434037372	-0.066	-0.496	9.602	00
1555	1632434037377	-0.066	-0.496	9.602	00
1556	1632434037382	-0.066	-0.496	9.602	00
1557	1632434037387	-0.085	-0.477	9.563	00
1558	1632434037392	-0.085	-0.477	9.563	00
1559	1632434037397	-0.085	-0.477	9.563	00
1560	1632434037402	-0.104	-0.486	9.592	00
1561	1632434037407	-0.104	-0.486	9.592	00
1562	1632434037412	-0.104	-0.486	9.592	00
1563	1632434037417	-0.104	-0.486	9.592	00
1564	1632434037422	-0.066	-0.486	9.582	00
1565	1632434037427	-0.066	-0.486	9.582	00
1566	1632434037432	-0.066	-0.486	9.582	00
1567	1632434037437	-0.066	-0.486	9.582	00
1568	1632434037442	-0.085	-0.496	9.592	00
1569	1632434037447	-0.085	-0.496	9.592	00
1570	1632434037452	-0.085	-0.496	9.592	00
1571	1632434037457	-0.085	-0.496	9.592	00
1572	1632434037462	-0.085	-0.486	9.573	00
1573	1632434037467	-0.085	-0.486	9.573	00
1574	1632434037472	-0.085	-0.486	9.573	00
1575	1632434037477	-0.085	-0.486	9.573	00
1576	1632434037482	-0.104	-0.505	9.602	00
1577	1632434037487	-0.104	-0.505	9.602	00
1578	1632434037492	-0.104	-0.505	9.602	00
1579	1632434037497	-0.104	-0.505	9.602	00
1580	1632434037502	-0.095	-0.486	9.592	00
1581	1632434037507	-0.095	-0.486	9.592	00
1582	1632434037512	-0.095	-0.486	9.592	00
1583	1632434037517	-0.095	-0.486	9.592	00
1584	1632434037522	-0.085	-0.486	9.592	00
1585	1632434037527	-0.085	-0.486	9.592	00
1586	1632434037532	-0.085	-0.486	9.592	00
1587	1632434037537	-0.085	-0.486	9.592	00
1588	1632434037542	-0.104	-0.486	9.582	00
1589	1632434037547	-0.104	-0.486	9.582	00
1590	1632434037552	-0.104	-0.486	9.582	00
1591	1632434037557	-0.104	-0.486	9.582	00
1592	1632434037562	-0.104	-0.477	9.582	00
1593	1632434037567	-0.104	-0.477	9.582	00
1594	1632434037572	-0.104	-0.477	9.582	00
1595	1632434037577	-0.104	-0.477	9.582	00
1596	1632434037582	-0.085	-0.486	9.582	00
1597	1632434037587	-0.085	-0.486	9.582	00
1598	1632434037592	-0.085	-0.486	9.582	00
1599	1632434037597	-0.085	-0.486	9.582	00
1600	1632434037602	-0.085	-0.486	9.592	00
1601	1632434037607	-0.085	-0.486	9.592	00
1602	1632434037612	-0.085	-0.486	9.592	00
1603	1632434037617	-0.085	-0.486	9.592	00
1604	1632434037622	-0.104	-0.496	9.592	00
1605	1632434037627	-0.104	-0.496	9.592	00
1606	1632434037632	-0.104	-0.496	9.592	00
1607	1632434037637	-0.104	-0.496	9.592	00
1608	1632434037642	-0.085	-0.496	9.602	00
1609	1632434037647	-0.085	-0.496	9.602	00
1610	1632434037652	-0.085	-0.496	9.602	00
1611	1632434037657	-0.085	-0.496	9.602	00
1612	1632434037662	-0.085	-0.486	9.544	00
1613	1632434037667	-0.085	-0.486	9.544	00
1614	1632434037672	-0.085	-0.486	9.544	00
1615	1632434037677	-0.085	-0.486	9.544	00
1616	1632434037682	-0.075	-0.496	9.602	00
1617	1632434037687	-0.075	-0.496	9.602	00
1618	1632434037692	-0.075	-0.496	9.602	00
1619	1632434037697	-0.075	-0.496	9.602	00
1620	1632434037702	-0.056	-0.505	9.592	00
1621	1632434037707	-0.056	-0.505	9.592	00
1622	1632434037712	-0.056	-0.505	9.592	00
1623	1632434037717	-0.085	-0.496	9.582	00
1624	1632434037722	-0.085	-0.496	9.582	00
1625	1632434037727	-0.085	-0.496	9.582	00
1626	1632434037732	-0.085	-0.496	9.582	00
1627	1632434037737	-0.085	-0.496	9.592	00
1628	1632434037742	-0.085	-0.496	9.592	00
1629	1632434037747	-0.085	-0.496	9.592	00
1630	1632434037752	-0.085	-0.496	9.592	00
1631	1632434037757	-0.075	-0.505	9.592	00
1632	1632434037762	-0.075	-0.505	9.592	00
1633	1632434037767	-0.075	-0.505	9.592	00
1634	1632434037772	-0.075	-0.505	9.592	00
1635	1632434037777	-0.095	-0.496	9.573	00
1636	1632434037782	-0.095	-0.496	9.573	00
1637	1632434037787	-0.095	-0.496	9.573	00
1638	1632434037792	-0.095	-0.496	9.573	00
1639	1632434037797	-0.075	-0.486	9.563	00
1640	1632434037802	-0.075	-0.486	9.563	00
1641	1632434037807	-0.075	-0.486	9.563	00
1642	1632434037812	-0.075	-0.486	9.563	00
1643	1632434037817	-0.075	-0.496	9.563	00
1644	1632434037822	-0.075	-0.496	9.563	00
1645	1632434037827	-0.075	-0.496	9.563	00
1646	1632434037832	-0.075	-0.496	9.563	00
1647	1632434037837	-0.085	-0.486	9.582	00
1648	1632434037842	-0.085	-0.486	9.582	00
1649	1632434037847	-0.085	-0.486	9.582	00
1650	1632434037852	-0.085	-0.486	9.582	00
1651	1632434037857	-0.104	-0.496	9.573	00
1652	1632434037862	-0.104	-0.496	9.573	00
1653	1632434037868	-0.104	-0.496	9.573	00
1654	1632434037872	-0.104	-0.496	9.573	00
1655	1632434037877	-0.095	-0.505	9.602	00
1656	1632434037882	-0.095	-0.505	9.602	00
1657	1632434037887	-0.095	-0.505	9.602	00
1658	1632434037892	-0.095	-0.505	9.602	00
1659	1632434037897	-0.075	-0.515	9.592	00
1660	1632434037902	-0.075	-0.515	9.592	00
1661	1632434037907	-0.075	-0.515	9.592	00
1662	1632434037912	-0.075	-0.515	9.592	00
1663	1632434037917	-0.075	-0.515	9.602	00
1664	1632434037922	-0.075	-0.515	9.602	00
1665	1632434037927	-0.075	-0.515	9.602	00
1666	1632434037932	-0.075	-0.515	9.602	00
1667	1632434037937	-0.075	-0.505	9.573	00
1668	1632434037942	-0.075	-0.505	9.573	00
1669	1632434037947	-0.075	-0.505	9.573	00
1670	1632434037952	-0.075	-0.505	9.573	00
1671	1632434037957	-0.075	-0.486	9.582	00
1672	1632434037962	-0.075	-0.486	9.582	00
1673	1632434037967	-0.075	-0.486	9.582	00
1674	1632434037972	-0.075	-0.486	9.582	00
1675	1632434037977	-0.085	-0.477	9.592	00
1676	1632434037982	-0.085	-0.477	9.592	00
1677	1632434037987	-0.085	-0.477	9.592	00
1678	1632434037992	-0.085	-0.477	9.592	00
1679	1632434037997	-0.075	-0.505	9.573	00
1680	1632434038002	-0.075	-0.505	9.573	00
1681	1632434038007	-0.075	-0.505	9.573	00
1682	1632434038012	-0.075	-0.505	9.573	00
1683	1632434038017	-0.085	-0.477	9.563	00
1684	1632434038022	-0.085	-0.477	9.563	00
1685	1632434038029	-0.085	-0.477	9.563	00
1686	1632434038032	-0.075	-0.496	9.582	00
1687	1632434038037	-0.075	-0.496	9.582	00
1688	1632434038042	-0.075	-0.496	9.582	00
1689	1632434038047	-0.075	-0.496	9.582	00
1690	1632434038052	-0.114	-0.505	9.573	00
1691	1632434038057	-0.114	-0.505	9.573	00
1692	1632434038062	-0.114	-0.505	9.573	00
1693	1632434038067	-0.114	-0.505	9.573	00
1694	1632434038072	-0.114	-0.486	9.611	00
1695	1632434038077	-0.114	-0.486	9.611	00
1696	1632434038082	-0.114	-0.486	9.611	00
1697	1632434038087	-0.114	-0.486	9.611	00
1698	1632434038092	-0.104	-0.467	9.582	00
1699	1632434038097	-0.104	-0.467	9.582	00
1700	1632434038102	-0.104	-0.467	9.582	00
1701	1632434038107	-0.104	-0.467	9.582	00
1702	1632434038112	-0.085	-0.477	9.563	00
1703	1632434038117	-0.085	-0.477	9.563	00
1704	1632434038122	-0.085	-0.477	9.563	00
1705	1632434038127	-0.085	-0.477	9.563	00
1706	1632434038132	-0.085	-0.486	9.582	00
1707	1632434038137	-0.085	-0.486	9.582	00
1708	1632434038142	-0.085	-0.486	9.582	00
1709	1632434038147	-0.085	-0.486	9.582	00
1710	1632434038152	-0.075	-0.477	9.582	00
1711	1632434038157	-0.075	-0.477	9.582	00
1712	1632434038162	-0.075	-0.477	9.582	00
1713	1632434038167	-0.075	-0.477	9.582	00
1714	1632434038172	-0.104	-0.486	9.573	00
1715	1632434038177	-0.104	-0.486	9.573	00
1716	1632434038184	-0.104	-0.486	9.573	00
1717	1632434038187	-0.104	-0.486	9.573	00
1718	1632434038192	-0.123	-0.477	9.582	00
1719	1632434038197	-0.123	-0.477	9.582	00
1720	1632434038202	-0.123	-0.477	9.582	00
1721	1632434038207	-0.123	-0.477	9.582	00
1722	1632434038212	-0.085	-0.505	9.602	00
1723	1632434038217	-0.085	-0.505	9.602	00
1724	1632434038222	-0.085	-0.505	9.602	00
1725	1632434038227	-0.085	-0.505	9.602	00
1726	1632434038232	-0.095	-0.477	9.563	00
1727	1632434038237	-0.095	-0.477	9.563	00
1728	1632434038242	-0.095	-0.477	9.563	00
1729	1632434038247	-0.095	-0.477	9.563	00
1730	1632434038252	-0.095	-0.496	9.602	00
1731	1632434038257	-0.095	-0.496	9.602	00
1732	1632434038262	-0.095	-0.496	9.602	00
1733	1632434038267	-0.095	-0.496	9.602	00
1734	1632434038272	-0.085	-0.496	9.592	00
1735	1632434038277	-0.085	-0.496	9.592	00
1736	1632434038282	-0.085	-0.496	9.592	00
1737	1632434038287	-0.085	-0.496	9.592	00
1738	1632434038292	-0.095	-0.496	9.592	00
1739	1632434038297	-0.095	-0.496	9.592	00
1740	1632434038302	-0.095	-0.496	9.592	00
1741	1632434038307	-0.095	-0.496	9.592	00
1742	1632434038312	-0.085	-0.477	9.592	00
1743	1632434038317	-0.085	-0.477	9.592	00
1744	1632434038322	-0.085	-0.477	9.592	00
1745	1632434038327	-0.085	-0.477	9.592	00
1746	1632434038332	-0.085	-0.496	9.592	00
1747	1632434038337	-0.085	-0.496	9.592	00
1748	1632434038342	-0.085	-0.496	9.592	00
1749	1632434038347	-0.085	-0.486	9.563	00
1750	1632434038352	-0.085	-0.486	9.563	00
1751	1632434038357	-0.085	-0.486	9.563	00
1752	1632434038362	-0.085	-0.486	9.563	00
1753	1632434038367	-0.095	-0.486	9.602	00
1754	1632434038372	-0.095	-0.486	9.602	00
1755	1632434038377	-0.095	-0.486	9.602	00
1756	1632434038382	-0.095	-0.486	9.602	00
1757	1632434038387	-0.104	-0.486	9.554	00
1758	1632434038392	-0.104	-0.486	9.554	00
1759	1632434038397	-0.104	-0.486	9.554	00
1760	1632434038402	-0.104	-0.486	9.554	00
1761	1632434038407	-0.085	-0.496	9.563	00
1762	1632434038412	-0.085	-0.496	9.563	00
1763	1632434038417	-0.085	-0.496	9.563	00
1764	1632434038422	-0.085	-0.496	9.563	00
1765	1632434038427	-0.085	-0.496	9.563	00
1766	1632434038432	-0.085	-0.496	9.563	00
1767	1632434038437	-0.085	-0.496	9.563	00
1768	1632434038442	-0.085	-0.496	9.563	00
1769	1632434038447	-0.104	-0.505	9.573	00
1770	1632434038452	-0.104	-0.505	9.573	00
1771	1632434038457	-0.104	-0.505	9.573	00
1772	1632434038462	-0.104	-0.505	9.573	00
1773	1632434038467	-0.085	-0.477	9.582	00
1774	1632434038472	-0.085	-0.477	9.582	00
1775	1632434038477	-0.085	-0.477	9.582	00
1776	1632434038482	-0.085	-0.477	9.582	00
1777	1632434038487	-0.075	-0.486	9.582	00
1778	1632434038492	-0.075	-0.486	9.582	00
1779	1632434038497	-0.075	-0.486	9.582	00
1780	1632434038502	-0.075	-0.486	9.582	00
1781	1632434038507	-0.075	-0.486	9.582	00
1782	1632434038512	-0.075	-0.486	9.582	00
1783	1632434038518	-0.075	-0.486	9.582	00
1784	1632434038522	-0.075	-0.486	9.582	00
1785	1632434038527	-0.066	-0.496	9.573	00
1786	1632434038532	-0.066	-0.496	9.573	00
1787	1632434038537	-0.066	-0.496	9.573	00
1788	1632434038542	-0.066	-0.496	9.573	00
1789	1632434038547	-0.075	-0.477	9.573	00
1790	1632434038552	-0.075	-0.477	9.573	00
1791	1632434038557	-0.075	-0.477	9.573	00
1792	1632434038562	-0.075	-0.477	9.573	00
1793	1632434038567	-0.104	-0.486	9.573	00
1794	1632434038572	-0.104	-0.486	9.573	00
1795	1632434038577	-0.104	-0.486	9.573	00
1796	1632434038582	-0.104	-0.486	9.573	00
1797	1632434038593	-0.095	-0.486	9.582	00
1798	1632434038594	-0.095	-0.486	9.582	00
1799	1632434038597	-0.095	-0.486	9.582	00
1800	1632434038602	-0.095	-0.486	9.582	00
1801	1632434038607	-0.085	-0.486	9.554	00
1802	1632434038612	-0.085	-0.486	9.554	00
1803	1632434038617	-0.085	-0.486	9.554	00
1804	1632434038622	-0.085	-0.486	9.554	00
1805	1632434038627	-0.066	-0.477	9.592	00
1806	1632434038632	-0.066	-0.477	9.592	00
1807	1632434038637	-0.066	-0.477	9.592	00
1808	1632434038642	-0.066	-0.477	9.592	00
1809	1632434038647	-0.104	-0.496	9.592	00
1810	1632434038652	-0.104	-0.496	9.592	00
1811	1632434038657	-0.104	-0.496	9.592	00
1812	1632434038662	-0.085	-0.477	9.611	00
1813	1632434038667	-0.085	-0.477	9.611	00
1814	1632434038672	-0.085	-0.477	9.611	00
1815	1632434038677	-0.085	-0.477	9.611	00
1816	1632434038682	-0.085	-0.486	9.592	00
1817	1632434038687	-0.085	-0.486	9.592	00
1818	1632434038692	-0.085	-0.486	9.592	00
1819	1632434038697	-0.085	-0.486	9.592	00
1820	1632434038702	-0.066	-0.496	9.611	00
1821	1632434038707	-0.066	-0.496	9.611	00
1822	1632434038712	-0.066	-0.496	9.611	00
1823	1632434038717	-0.066	-0.496	9.611	00
1824	1632434038722	-0.085	-0.486	9.611	00
1825	1632434038727	-0.085	-0.486	9.611	00
1826	1632434038732	-0.085	-0.486	9.611	00
1827	1632434038737	-0.085	-0.486	9.611	00
1828	1632434038742	-0.095	-0.496	9.602	00
1829	1632434038747	-0.095	-0.496	9.602	00
1830	1632434038752	-0.095	-0.496	9.602	00
1831	1632434038757	-0.095	-0.496	9.602	00
1832	1632434038762	-0.123	-0.496	9.592	00
1833	1632434038767	-0.123	-0.496	9.592	00
1834	1632434038772	-0.123	-0.496	9.592	00
1835	1632434038777	-0.123	-0.496	9.592	00
1836	1632434038782	-0.114	-0.486	9.582	00
1837	1632434038787	-0.114	-0.486	9.582	00
1838	1632434038792	-0.114	-0.486	9.582	00
1839	1632434038797	-0.114	-0.486	9.582	00
1840	1632434038802	-0.104	-0.505	9.582	00
1841	1632434038807	-0.104	-0.505	9.582	00
1842	1632434038812	-0.104	-0.505	9.582	00
1843	1632434038817	-0.104	-0.505	9.582	00
1844	1632434038822	-0.085	-0.496	9.582	00
1845	1632434038827	-0.085	-0.496	9.582	00
1846	1632434038832	-0.085	-0.496	9.582	00
1847	1632434038837	-0.085	-0.496	9.582	00
1848	1632434038842	-0.075	-0.496	9.602	00
1849	1632434038847	-0.075	-0.496	9.602	00
1850	1632434038852	-0.075	-0.496	9.602	00
1851	1632434038857	-0.075	-0.496	9.602	00
1852	1632434038862	-0.085	-0.496	9.582	00
1853	1632434038867	-0.085	-0.496	9.582	00
1854	1632434038872	-0.085	-0.496	9.582	00
1855	1632434038877	-0.085	-0.496	9.582	00
1856	1632434038882	-0.075	-0.486	9.592	00
1857	1632434038887	-0.075	-0.486	9.592	00
1858	1632434038892	-0.075	-0.486	9.592	00
1859	1632434038897	-0.075	-0.486	9.592	00
1860	1632434038902	-0.066	-0.486	9.592	00
1861	1632434038907	-0.066	-0.486	9.592	00
1862	1632434038912	-0.066	-0.486	9.592	00
1863	1632434038917	-0.066	-0.486	9.592	00
1864	1632434038922	-0.085	-0.496	9.573	00
1865	1632434038927	-0.085	-0.496	9.573	00
1866	1632434038932	-0.085	-0.496	9.573	00
1867	1632434038937	-0.085	-0.496	9.573	00
1868	1632434038942	-0.075	-0.496	9.573	00
1869	1632434038947	-0.075	-0.496	9.573	00
1870	1632434038952	-0.075	-0.496	9.573	00
1871	1632434038957	-0.066	-0.496	9.573	00
1872	1632434038962	-0.066	-0.496	9.573	00
1873	1632434038967	-0.066	-0.496	9.573	00
1874	1632434038972	-0.066	-0.496	9.573	00
1875	1632434038977	-0.066	-0.505	9.582	00
1876	1632434038982	-0.066	-0.505	9.582	00
1877	1632434038987	-0.066	-0.505	9.582	00
1878	1632434038992	-0.066	-0.505	9.582	00
1879	1632434038997	-0.095	-0.496	9.554	00
1880	1632434039002	-0.095	-0.496	9.554	00
1881	1632434039007	-0.095	-0.496	9.554	00
1882	1632434039012	-0.095	-0.496	9.554	00
1883	1632434039017	-0.085	-0.496	9.573	00
1884	1632434039022	-0.085	-0.496	9.573	00
1885	1632434039027	-0.085	-0.496	9.573	00
1886	1632434039032	-0.085	-0.496	9.573	00
1887	1632434039037	-0.095	-0.486	9.582	00
1888	1632434039042	-0.095	-0.486	9.582	00
1889	1632434039047	-0.095	-0.486	9.582	00
1890	1632434039052	-0.095	-0.486	9.582	00
1891	1632434039057	-0.075	-0.505	9.563	00
1892	1632434039062	-0.075	-0.505	9.563	00
1893	1632434039067	-0.075	-0.505	9.563	00
1894	1632434039072	-0.075	-0.505	9.563	00
1895	1632434039077	-0.066	-0.505	9.573	00
1896	1632434039082	-0.066	-0.505	9.573	00
1897	1632434039087	-0.066	-0.505	9.573	00
1898	1632434039092	-0.066	-0.505	9.573	00
1899	1632434039097	-0.066	-0.486	9.554	00
1900	1632434039102	-0.066	-0.486	9.554	00
1901	1632434039107	-0.066	-0.486	9.554	00
1902	1632434039112	-0.066	-0.486	9.554	00
1903	1632434039117	-0.095	-0.496	9.592	00
1904	1632434039122	-0.095	-0.496	9.592	00
1905	1632434039127	-0.095	-0.496	9.592	00
1906	1632434039132	-0.095	-0.496	9.592	00
1907	1632434039137	-0.104	-0.486	9.602	00
1908	1632434039142	-0.104	-0.486	9.602	00
1909	1632434039147	-0.104	-0.486	9.602	00
1910	1632434039152	-0.104	-0.486	9.602	00
1911	1632434039157	-0.095	-0.496	9.582	00
1912	1632434039162	-0.095	-0.496	9.582	00
1913	1632434039167	-0.095	-0.496	9.582	00
1914	1632434039172	-0.095	-0.496	9.582	00
1915	1632434039177	-0.085	-0.505	9.573	00
1916	1632434039182	-0.085	-0.505	9.573	00
1917	1632434039187	-0.085	-0.505	9.573	00
1918	1632434039192	-0.085	-0.505	9.573	00
1919	1632434039197	-0.085	-0.496	9.582	00
1920	1632434039202	-0.085	-0.496	9.582	00
1921	1632434039207	-0.085	-0.496	9.582	00
1922	1632434039212	-0.085	-0.496	9.582	00
1923	1632434039217	-0.066	-0.486	9.582	00
1924	1632434039222	-0.066	-0.486	9.582	00
1925	1632434039227	-0.066	-0.486	9.582	00
1926	1632434039232	-0.066	-0.486	9.582	00
1927	1632434039237	-0.085	-0.486	9.592	00
1928	1632434039242	-0.085	-0.486	9.592	00
1929	1632434039247	-0.085	-0.486	9.592	00
1930	1632434039252	-0.085	-0.486	9.592	00
1931	1632434039257	-0.104	-0.496	9.592	00
1932	1632434039262	-0.104	-0.496	9.592	00
1933	1632434039267	-0.104	-0.496	9.592	00
1934	1632434039272	-0.085	-0.477	9.592	00
1935	1632434039277	-0.085	-0.477	9.592	00
1936	1632434039282	-0.085	-0.477	9.592	00
1937	1632434039287	-0.085	-0.477	9.592	00
1938	1632434039292	-0.085	-0.486	9.592	00
1939	1632434039297	-0.085	-0.486	9.592	00
1940	1632434039302	-0.085	-0.486	9.592	00
1941	1632434039307	-0.085	-0.486	9.592	00
1942	1632434039312	-0.075	-0.496	9.544	00
1943	1632434039317	-0.075	-0.496	9.544	00
1944	1632434039322	-0.075	-0.496	9.544	00
1945	1632434039327	-0.075	-0.496	9.544	00
1946	1632434039332	-0.095	-0.477	9.602	00
1947	1632434039337	-0.095	-0.477	9.602	00
1948	1632434039342	-0.095	-0.477	9.602	00
1949	1632434039347	-0.095	-0.477	9.602	00
1950	1632434039352	-0.066	-0.486	9.582	00
1951	1632434039357	-0.066	-0.486	9.582	00
1952	1632434039362	-0.066	-0.486	9.582	00
1953	1632434039367	-0.066	-0.486	9.582	00
1954	1632434039372	-0.075	-0.486	9.582	00
1955	1632434039377	-0.075	-0.486	9.582	00
1956	1632434039382	-0.075	-0.486	9.582	00
1957	1632434039387	-0.075	-0.486	9.582	00
1958	1632434039392	-0.047	-0.486	9.582	00
1959	1632434039397	-0.047	-0.486	9.582	00
1960	1632434039402	-0.047	-0.486	9.582	00
1961	1632434039407	-0.047	-0.486	9.582	00
1962	1632434039412	-0.104	-0.486	9.582	00
1963	1632434039417	-0.104	-0.486	9.582	00
1964	1632434039422	-0.104	-0.486	9.582	00
1965	1632434039427	-0.104	-0.486	9.582	00
1966	1632434039432	-0.075	-0.486	9.611	00
1967	1632434039437	-0.075	-0.486	9.611	00
1968	1632434039442	-0.075	-0.486	9.611	00
1969	1632434039447	-0.075	-0.486	9.611	00
1970	1632434039452	-0.075	-0.477	9.573	00
1971	1632434039457	-0.075	-0.477	9.573	00
1972	1632434039462	-0.075	-0.477	9.573	00
1973	1632434039467	-0.075	-0.477	9.573	00
1974	1632434039472	-0.075	-0.496	9.573	00
1975	1632434039477	-0.075	-0.496	9.573	00
1976	1632434039482	-0.075	-0.496	9.573	00
1977	1632434039487	-0.075	-0.496	9.573	00
1978	1632434039492	-0.085	-0.477	9.573	00
1979	1632434039497	-0.085	-0.477	9.573	00
1980	1632434039502	-0.085	-0.477	9.573	00
1981	1632434039507	-0.085	-0.477	9.573	00
1982	1632434039512	-0.123	-0.486	9.602	00
1983	1632434039517	-0.123	-0.486	9.602	00
1984	1632434039522	-0.123	-0.486	9.602	00
1985	1632434039527	-0.123	-0.486	9.602	00
1986	1632434039532	-0.066	-0.486	9.602	00
1987	1632434039537	-0.066	-0.486	9.602	00
1988	1632434039542	-0.066	-0.486	9.602	00
1989	1632434039547	-0.066	-0.486	9.602	00
1990	1632434039552	-0.104	-0.477	9.573	00
1991	1632434039557	-0.104	-0.477	9.573	00
1992	1632434039562	-0.104	-0.477	9.573	00
1993	1632434039568	-0.056	-0.496	9.573	00
1994	1632434039572	-0.056	-0.496	9.573	00
1995	1632434039578	-0.056	-0.496	9.573	00
1996	1632434039582	-0.056	-0.496	9.573	00
1997	1632434039587	-0.085	-0.486	9.602	00
1998	1632434039592	-0.085	-0.486	9.602	00
1999	1632434039597	-0.085	-0.486	9.602	00
2000	1632434039602	-0.085	-0.486	9.602	00
2001	1632434039607	-0.075	-0.515	9.592	00
2002	1632434039612	-0.075	-0.515	9.592	00
2003	1632434039617	-0.075	-0.515	9.592	00
2004	1632434039622	-0.075	-0.515	9.592	00
2005	1632434039627	-0.056	-0.496	9.592	00
2006	1632434039632	-0.056	-0.496	9.592	00
2007	1632434039637	-0.056	-0.496	9.592	00
2008	1632434039643	-0.056	-0.496	9.592	00
2009	1632434039647	-0.104	-0.486	9.592	00
2010	1632434039652	-0.104	-0.486	9.592	00
2011	1632434039657	-0.104	-0.486	9.592	00
2012	1632434039662	-0.104	-0.486	9.592	00
2013	1632434039667	-0.095	-0.505	9.592	00
2014	1632434039672	-0.095	-0.505	9.592	00
2015	1632434039677	-0.095	-0.505	9.592	00
2016	1632434039682	-0.095	-0.505	9.592	00
2017	1632434039687	-0.104	-0.477	9.602	00
2018	1632434039692	-0.104	-0.477	9.602	00
2019	1632434039698	-0.104	-0.477	9.602	00
2020	1632434039702	-0.104	-0.477	9.602	00
2021	1632434039707	-0.085	-0.486	9.592	00
2022	1632434039714	-0.085	-0.486	9.592	00
2023	1632434039717	-0.085	-0.486	9.592	00
2024	1632434039722	-0.085	-0.486	9.592	00
2025	1632434039727	-0.095	-0.505	9.602	00
2026	1632434039732	-0.095	-0.505	9.602	00
2027	1632434039738	-0.095	-0.505	9.602	00
2028	1632434039742	-0.095	-0.505	9.602	00
2029	1632434039747	-0.114	-0.486	9.582	00
2030	1632434039752	-0.114	-0.486	9.582	00
2031	1632434039757	-0.114	-0.486	9.582	00
2032	1632434039762	-0.114	-0.486	9.582	00
2033	1632434039767	-0.095	-0.477	9.582	00
2034	1632434039772	-0.095	-0.477	9.582	00
2035	1632434039777	-0.095	-0.477	9.582	00
2036	1632434039782	-0.095	-0.477	9.582	00
2037	1632434039787	-0.075	-0.486	9.582	00
2038	1632434039792	-0.075	-0.486	9.582	00
2039	1632434039797	-0.075	-0.486	9.582	00
2040	1632434039802	-0.075	-0.486	9.582	00
2041	1632434039807	-0.095	-0.496	9.582	00
2042	1632434039812	-0.095	-0.496	9.582	00
2043	1632434039817	-0.095	-0.496	9.582	00
2044	1632434039822	-0.095	-0.496	9.582	00
2045	1632434039827	-0.085	-0.496	9.582	00
2046	1632434039832	-0.085	-0.496	9.582	00
2047	1632434039837	-0.085	-0.496	9.582	00
2048	1632434039842	-0.085	-0.496	9.582	00
2049	1632434039847	-0.085	-0.524	9.582	00
2050	1632434039852	-0.085	-0.524	9.582	00
2051	1632434039857	-0.085	-0.524	9.582	00
2052	1632434039862	-0.085	-0.524	9.582	00
2053	1632434039867	-0.066	-0.486	9.563	00
2054	1632434039872	-0.066	-0.486	9.563	00
2055	1632434039877	-0.066	-0.486	9.563	00
2056	1632434039882	-0.085	-0.486	9.592	00
2057	1632434039887	-0.085	-0.486	9.592	00
2058	1632434039892	-0.085	-0.486	9.592	00
2059	1632434039897	-0.085	-0.486	9.592	00
2060	1632434039902	-0.104	-0.496	9.582	00
2061	1632434039907	-0.104	-0.496	9.582	00
2062	1632434039912	-0.104	-0.496	9.582	00
2063	1632434039917	-0.104	-0.496	9.582	00
2064	1632434039922	-0.075	-0.486	9.582	00
2065	1632434039927	-0.075	-0.486	9.582	00
2066	1632434039932	-0.075	-0.486	9.582	00
2067	1632434039937	-0.075	-0.486	9.582	00
2068	1632434039942	-0.075	-0.467	9.582	00
2069	1632434039947	-0.075	-0.467	9.582	00
2070	1632434039952	-0.075	-0.467	9.582	00
2071	1632434039957	-0.075	-0.467	9.582	00
2072	1632434039962	-0.066	-0.505	9.582	00
2073	1632434039967	-0.066	-0.505	9.582	00
2074	1632434039972	-0.066	-0.505	9.582	00
2075	1632434039977	-0.066	-0.505	9.582	00
2076	1632434039982	-0.085	-0.505	9.563	00
2077	1632434039987	-0.085	-0.505	9.563	00
2078	1632434039992	-0.085	-0.505	9.563	00
2079	1632434039997	-0.085	-0.505	9.563	00
2080	1632434040002	-0.075	-0.505	9.602	00
2081	1632434040007	-0.075	-0.505	9.602	00
2082	1632434040012	-0.075	-0.505	9.602	00
2083	1632434040017	-0.075	-0.505	9.602	00
2084	1632434040023	-0.095	-0.467	9.582	00
2085	1632434040027	-0.095	-0.467	9.582	00
2086	1632434040032	-0.095	-0.467	9.582	00
2087	1632434040040	-0.095	-0.467	9.582	00
2088	1632434040042	-0.104	-0.515	9.592	00
2089	1632434040047	-0.104	-0.515	9.592	00
2090	1632434040052	-0.104	-0.515	9.592	00
2091	1632434040057	-0.104	-0.515	9.592	00
2092	1632434040062	-0.056	-0.486	9.602	00
2093	1632434040067	-0.056	-0.486	9.602	00
2094	1632434040072	-0.056	-0.486	9.602	00
2095	1632434040077	-0.056	-0.486	9.602	00
2096	1632434040082	-0.075	-0.486	9.592	00
2097	1632434040089	-0.075	-0.486	9.592	00
2098	1632434040092	-0.075	-0.486	9.592	00
2099	1632434040097	-0.075	-0.486	9.592	00
2100	1632434040102	-0.095	-0.496	9.582	00
2101	1632434040107	-0.095	-0.496	9.582	00
2102	1632434040112	-0.095	-0.496	9.582	00
2103	1632434040117	-0.095	-0.496	9.582	00
2104	1632434040122	-0.095	-0.496	9.573	00
2105	1632434040127	-0.095	-0.496	9.573	00
2106	1632434040132	-0.095	-0.496	9.573	00
2107	1632434040137	-0.095	-0.496	9.573	00
2108	1632434040142	-0.104	-0.505	9.582	00
2109	1632434040147	-0.104	-0.505	9.582	00
2110	1632434040152	-0.104	-0.505	9.582	00
2111	1632434040157	-0.104	-0.505	9.582	00
2112	1632434040162	-0.056	-0.486	9.592	00
2113	1632434040167	-0.056	-0.486	9.592	00
2114	1632434040172	-0.056	-0.486	9.592	00
2115	1632434040177	-0.075	-0.486	9.592	00
2116	1632434040182	-0.075	-0.486	9.592	00
2117	1632434040187	-0.075	-0.486	9.592	00
2118	1632434040192	-0.075	-0.486	9.592	00
2119	1632434040197	-0.114	-0.486	9.582	00
2120	1632434040202	-0.114	-0.486	9.582	00
2121	1632434040207	-0.114	-0.486	9.582	00
2122	1632434040212	-0.114	-0.486	9.582	00
2123	1632434040217	-0.114	-0.467	9.582	00
2124	1632434040222	-0.114	-0.467	9.582	00
2125	1632434040227	-0.114	-0.467	9.582	00
2126	1632434040232	-0.114	-0.467	9.582	00
2127	1632434040237	-0.114	-0.486	9.582	00
2128	1632434040242	-0.114	-0.486	9.582	00
2129	1632434040247	-0.114	-0.486	9.582	00
2130	1632434040252	-0.114	-0.486	9.582	00
2131	1632434040257	-0.095	-0.496	9.611	00
2132	1632434040262	-0.095	-0.496	9.611	00
2133	1632434040267	-0.095	-0.496	9.611	00
2134	1632434040272	-0.095	-0.496	9.611	00
2135	1632434040277	-0.066	-0.496	9.592	00
2136	1632434040282	-0.066	-0.496	9.592	00
2137	1632434040287	-0.066	-0.496	9.592	00
2138	1632434040292	-0.066	-0.496	9.592	00
2139	1632434040297	-0.066	-0.486	9.573	00
2140	1632434040302	-0.066	-0.486	9.573	00
2141	1632434040307	-0.066	-0.486	9.573	00
2142	1632434040312	-0.066	-0.486	9.573	00
2143	1632434040317	-0.066	-0.486	9.573	00
2144	1632434040322	-0.066	-0.486	9.573	00
2145	1632434040327	-0.066	-0.486	9.573	00
2146	1632434040332	-0.066	-0.486	9.573	00
2147	1632434040337	-0.104	-0.486	9.582	00
2148	1632434040342	-0.104	-0.486	9.582	00
2149	1632434040347	-0.104	-0.486	9.582	00
2150	1632434040352	-0.104	-0.486	9.582	00
2151	1632434040357	-0.104	-0.496	9.592	00
2152	1632434040362	-0.104	-0.496	9.592	00
2153	1632434040367	-0.104	-0.496	9.592	00
2154	1632434040372	-0.104	-0.496	9.592	00
2155	1632434040377	-0.085	-0.486	9.592	00
2156	1632434040382	-0.085	-0.486	9.592	00
2157	1632434040387	-0.085	-0.486	9.592	00
2158	1632434040392	-0.085	-0.486	9.592	00
2159	1632434040397	-0.075	-0.496	9.592	00
2160	1632434040402	-0.075	-0.496	9.592	00
2161	1632434040407	-0.075	-0.496	9.592	00
2162	1632434040412	-0.075	-0.496	9.592	00
2163	1632434040417	-0.075	-0.486	9.582	00
2164	1632434040422	-0.075	-0.486	9.582	00
2165	1632434040427	-0.075	-0.486	9.582	00
2166	1632434040432	-0.075	-0.486	9.582	00
2167	1632434040437	-0.066	-0.486	9.563	00
2168	1632434040442	-0.066	-0.486	9.563	00
2169	1632434040447	-0.066	-0.486	9.563	00
2170	1632434040452	-0.066	-0.486	9.563	00
2171	1632434040457	-0.095	-0.467	9.602	00
2172	1632434040462	-0.095	-0.467	9.602	00
2173	1632434040467	-0.095	-0.467	9.602	00
2174	1632434040472	-0.095	-0.467	9.602	00
2175	1632434040477	-0.066	-0.486	9.573	00
2176	1632434040482	-0.066	-0.486	9.573	00
2177	1632434040487	-0.066	-0.486	9.573	00
2178	1632434040492	-0.085	-0.496	9.592	00
2179	1632434040497	-0.085	-0.496	9.592	00
2180	1632434040502	-0.085	-0.496	9.592	00
2181	1632434040507	-0.085	-0.496	9.592	00
2182	1632434040512	-0.075	-0.486	9.602	00
2183	1632434040517	-0.075	-0.486	9.602	00
2184	1632434040522	-0.075	-0.486	9.602	00
2185	1632434040527	-0.075	-0.486	9.602	00
2186	1632434040532	-0.095	-0.515	9.611	00
2187	1632434040537	-0.095	-0.515	9.611	00
2188	1632434040542	-0.095	-0.515	9.611	00
2189	1632434040547	-0.095	-0.515	9.611	00
2190	1632434040552	-0.095	-0.496	9.563	00
2191	1632434040557	-0.095	-0.496	9.563	00
2192	1632434040562	-0.095	-0.496	9.563	00
2193	1632434040567	-0.095	-0.496	9.563	00
2194	1632434040572	-0.095	-0.496	9.582	00
2195	1632434040577	-0.095	-0.496	9.582	00
2196	1632434040582	-0.095	-0.496	9.582	00
2197	1632434040587	-0.095	-0.496	9.582	00
2198	1632434040592	-0.104	-0.486	9.573	00
2199	1632434040597	-0.104	-0.486	9.573	00
2200	1632434040602	-0.104	-0.486	9.573	00
2201	1632434040607	-0.104	-0.486	9.573	00
2202	1632434040612	-0.085	-0.505	9.582	00
2203	1632434040617	-0.085	-0.505	9.582	00
2204	1632434040622	-0.085	-0.505	9.582	00
2205	1632434040629	-0.085	-0.505	9.582	00
2206	1632434040633	-0.075	-0.486	9.573	00
2207	1632434040637	-0.075	-0.486	9.573	00
2208	1632434040642	-0.075	-0.486	9.573	00
2209	1632434040647	-0.075	-0.486	9.573	00
2210	1632434040652	-0.133	-0.486	9.592	00
2211	1632434040657	-0.133	-0.486	9.592	00
2212	1632434040662	-0.133	-0.486	9.592	00
2213	1632434040667	-0.133	-0.486	9.592	00
2214	1632434040672	-0.075	-0.515	9.582	00
2215	1632434040677	-0.075	-0.515	9.582	00
2216	1632434040682	-0.075	-0.515	9.582	00
2217	1632434040687	-0.075	-0.515	9.582	00
2218	1632434040692	-0.095	-0.486	9.582	00
2219	1632434040697	-0.095	-0.486	9.582	00
2220	1632434040702	-0.095	-0.486	9.582	00
2221	1632434040707	-0.095	-0.486	9.582	00
2222	1632434040712	-0.085	-0.515	9.602	00
2223	1632434040717	-0.085	-0.515	9.602	00
2224	1632434040722	-0.085	-0.515	9.602	00
2225	1632434040727	-0.085	-0.515	9.602	00
2226	1632434040732	-0.075	-0.505	9.573	00
2227	1632434040737	-0.075	-0.505	9.573	00
2228	1632434040742	-0.075	-0.505	9.573	00
2229	1632434040747	-0.075	-0.505	9.573	00
2230	1632434040752	-0.085	-0.496	9.582	00
2231	1632434040757	-0.085	-0.496	9.582	00
2232	1632434040762	-0.085	-0.496	9.582	00
2233	1632434040767	-0.085	-0.496	9.582	00
2234	1632434040772	-0.075	-0.496	9.573	00
2235	1632434040777	-0.075	-0.496	9.573	00
2236	1632434040782	-0.075	-0.496	9.573	00
2237	1632434040787	-0.075	-0.496	9.573	00
2238	1632434040792	-0.075	-0.505	9.573	00
2239	1632434040797	-0.075	-0.505	9.573	00
2240	1632434040802	-0.075	-0.505	9.573	00
2241	1632434040807	-0.075	-0.477	9.573	00
2242	1632434040812	-0.075	-0.477	9.621	00
2243	1632434040817	-0.075	-0.477	9.621	00
2244	1632434040822	-0.075	-0.477	9.621	00
2245	1632434040827	-0.095	-0.496	9.554	00
2246	1632434040832	-0.095	-0.496	9.554	00
2247	1632434040837	-0.095	-0.496	9.554	00
2248	1632434040842	-0.095	-0.496	9.554	00
2249	1632434040847	-0.095	-0.477	9.573	00
2250	1632434040852	-0.095	-0.477	9.573	00
2251	1632434040857	-0.095	-0.477	9.573	00
2252	1632434040862	-0.095	-0.477	9.573	00
2253	1632434040867	-0.085	-0.486	9.582	00
2254	1632434040872	-0.085	-0.486	9.582	00
2255	1632434040877	-0.085	-0.486	9.582	00
2256	1632434040882	-0.085	-0.486	9.582	00
2257	1632434040887	-0.104	-0.505	9.582	00
2258	1632434040892	-0.104	-0.505	9.582	00
2259	1632434040897	-0.104	-0.505	9.582	00
2260	1632434040902	-0.104	-0.505	9.582	00
2261	1632434040907	-0.104	-0.486	9.592	00
2262	1632434040912	-0.104	-0.486	9.592	00
2263	1632434040917	-0.104	-0.486	9.592	00
2264	1632434040922	-0.104	-0.486	9.592	00
2265	1632434040928	-0.066	-0.505	9.573	00
2266	1632434040932	-0.066	-0.505	9.573	00
2267	1632434040937	-0.066	-0.505	9.573	00
2268	1632434040942	-0.066	-0.505	9.573	00
