"Tirada";"Interrupt";"t"
1;1;156
1;2;26724
1;3;46068
1;4;62172
1;5;76596
1;6;89456
1;7;101768
1;8;112652
1;9;124364
1;10;134108
1;11;145136
1;12;154608
2;1;172
2;2;34788
2;3;56544
2;4;74032
2;5;89328
2;6;102860
2;7;115592
2;8;126872
2;9;138944
2;10;148976
2;11;160344
2;12;170040
3;1;156
3;2;35832
3;3;57820
3;4;75328
3;5;90496
3;6;103868
3;7;116628
3;8;127792
3;9;139684
3;10;149448
3;11;159684
3;12;168428
4;1;160
4;2;33676
4;3;55332
4;4;72644
4;5;88000
4;6;101324
4;7;114044
4;8;125192
4;9;137256
4;10;146948
4;11;157304
4;12;166108
5;1;192
5;2;32812
5;3;54672
5;4;71748
5;5;87360
5;6;100516
5;7;113224
5;8;124252
5;9;136252
5;10;148628
5;11;162844
5;12;168748
6;1;172
6;2;34888
6;3;57260
6;4;74640
6;5;90268
6;6;103544
6;7;116264
6;8;127440
6;9;139488
6;10;149288
6;11;159532
6;12;168232
7;1;164
7;2;536
7;3;37376
7;4;59768
7;5;77504
7;6;93024
7;7;106544
7;8;119312
7;9;130644
7;10;142720
7;11;152528
7;12;162864
7;13;171680
8;1;196
8;2;28336
8;3;48180
8;4;64688
8;5;79236
8;6;92244
8;7;104700
8;8;115680
8;9;127516
8;10;137136
8;11;147356
8;12;156084
9;1;168
9;2;32704
9;3;54420
9;4;71516
9;5;87004
9;6;100204
9;7;112856
9;8;123948
9;9;135948
9;10;145612
9;11;155932
9;12;164696
10;1;204
10;2;484
10;3;36840
10;4;59104
10;5;76744
10;6;92148
10;7;105620
10;8;118352
10;9;129584
10;10;141540
10;11;151436
10;12;161620
10;13;170368
11;1;244
11;2;35948
11;3;58052
11;4;75636
11;5;91020
11;6;104456
11;7;117220
11;8;128456
11;9;140500
11;10;150296
11;11;160572
11;12;169380
12;1;244
12;2;29380
12;3;49528
12;4;66208
12;5;80756
12;6;93796
12;7;106248
12;8;117280
12;9;129036
12;10;138756
12;11;149020
12;12;157804
13;1;208
13;2;28016
13;3;47820
13;4;64268
13;5;78836
13;6;91784
13;7;104232
13;8;115120
13;9;126892
13;10;136488
13;11;146620
13;12;155240
14;1;240
14;2;29148
14;3;49560
14;4;66152
14;5;81064
14;6;93984
14;7;106440
14;8;117408
14;9;129280
14;10;138876
14;11;149060
14;12;157668
15;1;204
15;2;29460
15;3;50040
15;4;66700
15;5;81624
15;6;94628
15;7;107100
15;8;118124
15;9;129976
15;10;139568
15;11;149776
15;12;158412
16;1;192
16;2;27252
16;3;47004
16;4;63244
16;5;77860
16;6;90676
16;7;103092
16;8;113944
16;9;125784
16;10;135256
16;11;145516
16;12;154092
17;1;236
17;2;27332
17;3;46776
17;4;63116
17;5;77604
17;6;90528
17;7;102868
17;8;113792
17;9;125552
17;10;135108
17;11;145300
17;12;153956
18;1;204
18;2;652
18;3;1096
18;4;1620
18;5;2140
18;6;2664
18;7;4276
18;8;18808
18;9;28208
19;1;196
19;2;672
19;3;41956
19;4;65180
19;5;83144
19;6;99136
19;7;112820
19;8;125716
19;9;137064
19;10;149556
19;11;159716
19;12;170392
19;13;179472
20;1;236
20;2;31516
20;3;52612
20;4;69564
20;5;84684
20;6;97812
20;7;110396
20;8;121452
20;9;133324
20;10;143008
20;11;153220
20;12;162492
21;1;236
21;2;33284
21;3;54604
21;4;71852
21;5;86984
21;6;100316
21;7;112912
21;8;124052
21;9;136684
21;10;147012
21;11;157928
21;12;167120
22;1;240
22;2;29180
22;3;113492
22;4;114156
22;5;116296
22;6;127980
22;7;137648
22;8;147764
22;9;156444
23;1;204
23;2;760
23;3;631504
23;4;632168
23;5;632828
23;6;633488
23;7;634148
23;8;636600
24;1;236
24;2;28020
24;3;47508
24;4;64004
24;5;78584
24;6;91728
24;7;104160
24;8;115280
24;9;127200
24;10;137032
24;11;147492
24;12;156752
25;1;236
25;2;30500
25;3;50948
25;4;67836
25;5;82648
25;6;95844
25;7;108544
25;8;119680
25;9;131704
25;10;141436
25;11;151784
25;12;160768
26;1;236
26;2;30732
26;3;51832
26;4;68580
26;5;83848
26;6;96744
26;7;109016
26;8;119904
26;9;131628
26;10;141076
26;11;151568
26;12;161100
27;1;204
27;2;492
27;3;30928
27;4;51912
27;5;68748
27;6;83992
27;7;97052
27;8;109508
27;9;120560
27;10;132456
27;11;142076
27;12;152288
27;13;160964
28;1;236
28;2;704
28;3;1092
28;4;42836
28;5;66052
28;6;84080
28;7;99952
28;8;113612
28;9;126596
28;10;137908
28;11;151644
28;12;162960
28;13;174808
28;14;184720
29;1;156
29;2;23896
29;3;42512
29;4;57596
29;5;71684
29;6;83824
29;7;95364
29;8;106508
29;9;120704
29;10;132112
29;11;144108
29;12;154456
30;1;236
30;2;28028
30;3;48060
30;4;64240
30;5;79100
30;6;92208
30;7;105036
30;8;117928
30;9;132792
30;10;144616
30;11;157004
30;12;167412
31;1;236
31;2;588
31;3;38716
31;4;60964
31;5;78828
31;6;94288
31;7;107960
31;8;120848
31;9;132860
31;10;147020
31;11;160084
31;12;173736
31;13;185056
32;1;196
32;2;27920
32;3;47684
32;4;64080
32;5;78592
32;6;91472
32;7;103932
32;8;114800
32;9;126536
32;10;136184
32;11;146216
32;12;154856
33;1;160
33;2;26344
33;3;45684
33;4;61712
33;5;76216
33;6;88964
33;7;101264
33;8;112068
33;9;123836
33;10;133284
33;11;143440
33;12;152040
34;1;232
34;2;504
34;3;37468
34;4;59940
34;5;77640
34;6;93412
34;7;106896
34;8;119768
34;9;130972
34;10;143128
34;11;153564
34;12;164808
34;13;174248
35;1;204
35;2;27996
35;3;47944
35;4;64364
35;5;79016
35;6;91924
35;7;104368
35;8;115284
35;9;127092
35;10;136672
35;11;146836
35;12;155444
36;1;160
36;2;26652
36;3;46168
36;4;62244
36;5;76756
36;6;89508
36;7;101752
36;8;112572
36;9;124248
36;10;133748
36;11;143764
36;12;152400
37;1;196
37;2;28260
37;3;48388
37;4;64800
37;5;79612
37;6;92516
37;7;104952
37;8;115840
37;9;127664
37;10;137236
37;11;147416
37;12;156016
38;1;236
38;2;30904
38;3;51908
38;4;68772
38;5;83972
38;6;97060
38;7;109724
38;8;120728
38;9;132736
38;10;143244
38;11;154860
38;12;164536
39;1;200
39;2;26284
39;3;45948
39;4;61852
39;5;76576
39;6;89200
39;7;101560
39;8;112292
39;9;124144
39;10;133496
39;11;143716
39;12;152236
40;1;200
40;2;32236
40;3;53916
40;4;70876
40;5;86384
40;6;99508
40;7;111936
40;8;123240
40;9;136112
40;10;146988
40;11;158720
40;12;168648
41;1;196
41;2;30328
41;3;51148
41;4;67840
41;5;82676
41;6;95688
41;7;108240
41;8;119160
41;9;130904
41;10;140492
41;11;150536
41;12;159132
42;1;160
42;2;26600
42;3;46252
42;4;62236
42;5;76812
42;6;89464
42;7;101628
42;8;112332
42;9;123864
42;10;133232
42;11;143120
42;12;152716
43;1;196
43;2;28068
43;3;48112
43;4;64460
43;5;79152
43;6;92048
43;7;104484
43;8;115328
43;9;127156
43;10;136736
43;11;146856
43;12;155444
44;1;160
44;2;24472
44;3;42940
44;4;58540
44;5;72464
44;6;84952
44;7;97176
44;8;107860
44;9;119364
44;10;128756
44;11;138800
44;12;147276
45;1;160
45;2;26024
45;3;45560
45;4;61512
45;5;76136
45;6;88756
45;7;101028
45;8;111772
45;9;123484
45;10;132980
45;11;143020
45;12;151576
46;1;204
46;2;28784
46;3;49356
46;4;65868
46;5;80696
46;6;93648
46;7;106080
46;8;116988
46;9;128728
46;10;138280
46;11;148424
46;12;157052
47;1;200
47;2;36236
47;3;58708
47;4;76252
47;5;91856
47;6;105220
47;7;117928
47;8;129112
47;9;141120
47;10;150948
47;11;161060
47;12;169780
48;1;200
48;2;30912
48;3;51620
48;4;68596
48;5;83448
48;6;96576
48;7;109264
48;8;120288
48;9;132216
48;10;141816
48;11;152124
48;12;160792
49;1;240
49;2;30292
49;3;51248
49;4;67976
49;5;82984
49;6;96016
49;7;108472
49;8;119428
49;9;131220
49;10;140864
49;11;150904
49;12;159532
50;1;208
50;2;31896
50;3;53196
50;4;70204
50;5;85448
50;6;98600
50;7;111240
50;8;122320
50;9;134332
50;10;143976
50;11;154288
50;12;162996
51;1;200
51;2;27752
51;3;47636
51;4;63976
51;5;78724
51;6;91560
51;7;104004
51;8;114860
51;9;126768
51;10;136260
51;11;146524
51;12;155092
52;1;196
52;2;25300
52;3;44512
52;4;60348
52;5;75100
52;6;87872
52;7;100396
52;8;111508
52;9;123940
52;10;133940
52;11;144536
52;12;153468
53;1;164
53;2;26680
53;3;46096
53;4;62220
53;5;76696
53;6;89480
53;7;101776
53;8;112596
53;9;124336
53;10;133824
53;11;143964
53;12;152556
54;1;240
54;2;34904
54;3;57096
54;4;74440
54;5;90116
54;6;103440
54;7;116028
54;8;127132
54;9;139044
54;10;149624
54;11;161220
54;12;171304
55;1;208
55;2;31948
55;3;53156
55;4;70124
55;5;85264
55;6;98380
55;7;110924
55;8;121952
55;9;133748
55;10;143364
55;11;153456
55;12;162112
56;1;196
56;2;29548
56;3;50212
56;4;66820
56;5;81984
56;6;94968
56;7;107648
56;8;118600
56;9;130616
56;10;141784
56;11;154100
56;12;163736
57;1;196
57;2;27668
57;3;47472
57;4;63788
57;5;78324
57;6;91176
57;7;103660
57;8;114520
57;9;126296
57;10;135816
57;11;145980
57;12;154620
58;1;240
58;2;31880
58;3;52880
58;4;69976
58;5;85068
58;6;98352
58;7;111008
58;8;122076
58;9;134124
58;10;143756
58;11;154112
58;12;162816
59;1;244
59;2;29676
59;3;50556
59;4;67168
59;5;82364
59;6;95280
59;7;107744
59;8;118696
59;9;130524
59;10;140128
59;11;150188
59;12;158792
60;1;204
60;2;28616
60;3;49200
60;4;65540
60;5;80376
60;6;93252
60;7;105708
60;8;116564
60;9;128296
60;10;137788
60;11;147812
60;12;156320
61;1;204
61;2;36364
61;3;58756
61;4;76352
61;5;91928
61;6;105360
61;7;118192
61;8;129412
61;9;141504
61;10;151336
61;11;161640
61;12;170408
62;1;204
62;2;29984
62;3;50892
62;4;67564
62;5;82648
62;6;95608
62;7;108128
62;8;119096
62;9;130940
62;10;140512
62;11;150672
62;12;159344
63;1;232
63;2;31968
63;3;53236
63;4;70280
63;5;85496
63;6;98668
63;7;111348
63;8;122440
63;9;134416
63;10;144060
63;11;154392
63;12;163120
64;1;200
64;2;31940
64;3;53316
64;4;70340
64;5;85532
64;6;98724
64;7;111316
64;8;122360
64;9;134260
64;10;143932
64;11;154104
64;12;162800
65;1;244
65;2;33956
65;3;55792
65;4;73052
65;5;88652
65;6;101888
65;7;114656
65;8;125740
65;9;137804
65;10;147500
65;11;157840
65;12;166572
66;1;200
66;2;27104
66;3;46860
66;4;62992
66;5;77672
66;6;90428
66;7;102884
66;8;113636
66;9;125488
66;10;134964
66;11;145160
66;12;153644
67;1;200
67;2;26584
67;3;46380
67;4;62424
67;5;77280
67;6;89952
67;7;102204
67;8;112956
67;9;124704
67;10;134172
67;11;144244
67;12;152804
68;1;204
68;2;27604
68;3;47432
68;4;63748
68;5;78436
68;6;91288
68;7;103608
68;8;114504
68;9;126300
68;10;135788
68;11;145956
68;12;154600
69;1;196
69;2;28772
69;3;49172
69;4;65640
69;5;80532
69;6;93460
69;7;105940
69;8;116828
69;9;128640
69;10;138284
69;11;148348
69;12;156964
70;1;204
70;2;30408
70;3;51484
70;4;68272
70;5;83552
70;6;96536
70;7;109148
70;8;120088
70;9;132088
70;10;141672
70;11;151952
70;12;160592
71;1;240
71;2;29840
71;3;50480
71;4;67168
71;5;82180
71;6;95208
71;7;107764
71;8;118724
71;9;130672
71;10;140248
71;11;150552
71;12;159120
72;1;232
72;2;28852
72;3;48972
72;4;65544
72;5;80376
72;6;93336
72;7;105808
72;8;116756
72;9;128620
72;10;138196
72;11;148412
72;12;157072
73;1;208
73;2;27168
73;3;47084
73;4;63244
73;5;78096
73;6;90844
73;7;103280
73;8;114064
73;9;125924
73;10;135428
73;11;145620
73;12;154476
74;1;204
74;2;25712
74;3;45000
74;4;60820
74;5;75400
74;6;87916
74;7;100252
74;8;110904
74;9;122772
74;10;132052
74;11;142288
74;12;150696
75;1;200
75;2;28960
75;3;49576
75;4;66100
75;5;81152
75;6;94040
75;7;106584
75;8;117496
75;9;129436
75;10;138928
75;11;149228
75;12;157832
76;1;196
76;2;26628
76;3;46220
76;4;62292
76;5;77064
76;6;89756
76;7;102016
76;8;112824
76;9;124516
76;10;134052
76;11;144168
76;12;152852
77;1;204
77;2;29116
77;3;49516
77;4;66124
77;5;80976
77;6;93936
77;7;106364
77;8;117328
77;9;129096
77;10;138684
77;11;148804
77;12;157480
78;1;244
78;2;32396
78;3;53624
78;4;70776
78;5;85968
78;6;99212
78;7;111840
78;8;122980
78;9;134964
78;10;144672
78;11;154932
78;12;163652
79;1;156
79;2;26948
79;3;46500
79;4;62644
79;5;77256
79;6;90056
79;7;102352
79;8;113156
79;9;124960
79;10;134424
79;11;144584
79;12;153124
80;1;156
80;2;22884
80;3;40412
80;4;55564
80;5;69128
80;6;81424
80;7;93528
80;8;104016
80;9;115552
80;10;124848
80;11;134876
80;12;143268
81;1;120
81;2;23496
81;3;41788
81;4;57076
81;5;71124
81;6;83456
81;7;95544
81;8;106048
81;9;117636
81;10;126944
81;11;136932
81;12;145324
82;1;200
82;2;25768
82;3;44612
82;4;60644
82;5;74804
82;6;87584
82;7;99668
82;8;110536
82;9;122056
82;10;131548
82;11;141572
82;12;150180
83;1;80
83;2;20268
83;3;36884
83;4;51184
83;5;64508
83;6;76300
83;7;88024
83;8;98164
83;9;109524
83;10;118588
83;11;128404
83;12;136584
84;1;236
84;2;28560
84;3;48948
84;4;65376
84;5;80232
84;6;93116
84;7;105588
84;8;116464
84;9;128340
84;10;137916
84;11;148072
84;12;156656
85;1;152
85;2;25768
85;3;45264
85;4;61116
85;5;75852
85;6;88348
85;7;100820
85;8;111444
85;9;123356
85;10;132756
85;11;143184
85;12;152080
86;1;240
86;2;30516
86;3;51828
86;4;68552
86;5;84108
86;6;97060
86;7;109728
86;8;120612
86;9;132632
86;10;142200
86;11;152616
86;12;161252
87;1;164
87;2;29048
87;3;49368
87;4;65920
87;5;80760
87;6;93676
87;7;106284
87;8;117168
87;9;129060
87;10;138612
87;11;148860
87;12;157468
88;1;196
88;2;35264
88;3;57332
88;4;74800
88;5;90352
88;6;103720
88;7;116468
88;8;127668
88;9;139724
88;10;149464
88;11;159792
88;12;168588
89;1;208
89;2;26900
89;3;46480
89;4;62664
89;5;77264
89;6;90076
89;7;102500
89;8;113368
89;9;125200
89;10;134712
89;11;144896
89;12;153544
90;1;156
90;2;22936
90;3;40876
90;4;56060
90;5;70000
90;6;82220
90;7;94100
90;8;104632
90;9;116052
90;10;125424
90;11;135212
90;12;143632
91;1;164
91;2;27372
91;3;47132
91;4;63364
91;5;77988
91;6;90776
91;7;103240
91;8;114044
91;9;125868
91;10;135364
91;11;145568
91;12;154108
92;1;196
92;2;24928
92;3;43792
92;4;59412
92;5;73632
92;6;86132
92;7;98504
92;8;109148
92;9;120880
92;10;130200
92;11;140424
92;12;148816
93;1;164
93;2;24632
93;3;43692
93;4;59224
93;5;73684
93;6;86096
93;7;98368
93;8;108940
93;9;120636
93;10;130012
93;11;140064
93;12;148468
94;1;196
94;2;29376
94;3;49996
94;4;66624
94;5;81636
94;6;94588
94;7;107088
94;8;118060
94;9;129976
94;10;139532
94;11;149780
94;12;158428
95;1;236
95;2;30596
95;3;51444
95;4;68284
95;5;83400
95;6;96488
95;7;109120
95;8;120080
95;9;132140
95;10;141688
95;11;152068
95;12;160712
96;1;192
96;2;26296
96;3;45696
96;4;61668
96;5;75996
96;6;88648
96;7;101032
96;8;111760
96;9;123400
96;10;132932
96;11;142836
96;12;151380
97;1;200
97;2;29200
97;3;49744
97;4;66360
97;5;81432
97;6;94416
97;7;106920
97;8;117884
97;9;129796
97;10;139380
97;11;149612
97;12;158300
98;1;204
98;2;28572
98;3;48800
98;4;65252
98;5;80180
98;6;93076
98;7;105540
98;8;116484
98;9;128388
98;10;137900
98;11;148168
98;12;156784
99;1;204
99;2;26928
99;3;46292
99;4;62488
99;5;76904
99;6;89736
99;7;102132
99;8;112968
99;9;124688
99;10;134264
99;11;144312
99;12;152884
100;1;164
100;2;26040
100;3;44912
100;4;60928
100;5;75232
100;6;87932
100;7;100320
100;8;111132
100;9;122896
100;10;132368
100;11;142548
100;12;151080
101;1;288
101;2;32720
101;3;53640
101;4;70904
101;5;85748
101;6;99176
101;7;111884
101;8;123088
101;9;135048
101;10;145028
101;11;155268
101;12;164128
102;1;196
102;2;24904
102;3;43312
102;4;59092
102;5;73028
102;6;85632
102;7;97840
102;8;108556
102;9;120124
102;10;129524
102;11;139600
102;12;148096
103;1;236
103;2;29016
103;3;49184
103;4;65764
103;5;80504
103;6;93476
103;7;105980
103;8;116924
103;9;128748
103;10;138440
103;11;148572
103;12;157220
104;1;244
104;2;26828
104;3;45936
104;4;62132
104;5;76280
104;6;89092
104;7;101432
104;8;112332
104;9;123916
104;10;133460
104;11;143480
104;12;152116
105;1;240
105;2;28128
105;3;48280
105;4;64588
105;5;79420
105;6;92212
105;7;104644
105;8;115488
105;9;127280
105;10;136752
105;11;146900
105;12;155496
106;1;196
106;2;25864
106;3;44864
106;4;60808
106;5;75228
106;6;87924
106;7;100164
106;8;110960
106;9;122652
106;10;132156
106;11;142224
106;12;150840
107;1;164
107;2;23776
107;3;41912
107;4;57284
107;5;71092
107;6;83444
107;7;95408
107;8;105964
107;9;117196
107;10;126532
107;11;136324
107;12;144700
108;1;200
108;2;28044
108;3;48068
108;4;64420
108;5;79112
108;6;92000
108;7;104512
108;8;115388
108;9;127220
108;10;136852
108;11;146968
108;12;155612
109;1;272
109;2;30388
109;3;51812
109;4;68500
109;5;83796
109;6;96704
109;7;109212
109;8;120112
109;9;131872
109;10;141400
109;11;151460
109;12;160000
110;1;280
110;2;33300
110;3;55120
110;4;72268
110;5;87884
110;6;101124
110;7;113820
110;8;124912
110;9;136976
110;10;146672
110;11;157020
110;12;165784
111;1;268
111;2;37884
111;3;61040
111;4;78568
111;5;94712
111;6;108084
111;7;120876
111;8;132000
111;9;144220
111;10;154120
111;11;164600
111;12;173476
112;1;288
112;2;37004
112;3;59672
112;4;77184
112;5;92920
112;6;106312
112;7;119212
112;8;130400
112;9;142548
112;10;153392
112;11;165332
112;12;175544
113;1;276
113;2;30752
113;3;51540
113;4;68480
113;5;83444
113;6;96600
113;7;109108
113;8;120184
113;9;132088
113;10;141816
113;11;151988
113;12;160692
114;1;248
114;2;27908
114;3;47992
114;4;64308
114;5;79100
114;6;91944
114;7;104344
114;8;115216
114;9;127028
114;10;136560
114;11;146732
114;12;155328
115;1;236
115;2;26104
115;3;44948
115;4;61016
115;5;75196
115;6;87968
115;7;100296
115;8;111088
115;9;122784
115;10;132396
115;11;142448
115;12;151024
116;1;288
116;2;35180
116;3;57244
116;4;74772
116;5;90128
116;6;103572
116;7;116280
116;8;127552
116;9;139480
116;10;149292
116;11;159584
116;12;168392
117;1;280
117;2;796
117;3;1316
117;4;26284
118;1;288
118;2;33248
118;3;54856
118;4;71908
118;5;87108
118;6;100360
118;7;113048
118;8;124120
118;9;136108
118;10;145768
118;11;156068
118;12;164816
119;1;280
119;2;32532
119;3;54488
119;4;71600
119;5;86992
119;6;100200
119;7;113480
119;8;114372
120;1;280
120;2;32464
120;3;54432
120;4;71360
120;5;86888
120;6;99948
120;7;112820
120;8;123768
120;9;135976
120;10;145492
120;11;155976
120;12;164564
121;1;276
121;2;33544
121;3;55480
121;4;72704
121;5;88360
121;6;101588
121;7;114164
121;8;125256
121;9;137192
121;10;146888
121;11;157104
121;12;165840
122;1;284
122;2;32948
122;3;54760
122;4;71892
122;5;87488
122;6;100644
122;7;113376
122;8;124424
122;9;136492
122;10;146148
122;11;156468
122;12;165124
123;1;284
123;2;32920
123;3;54748
123;4;71960
123;5;87700
123;6;100916
123;7;113564
123;8;124604
123;9;136632
123;10;146304
123;11;156616
123;12;165336
124;1;244
124;2;28548
124;3;48860
124;4;65208
124;5;80188
124;6;93052
124;7;105420
124;8;116268
124;9;128000
124;10;137516
124;11;147600
124;12;156660
125;1;276
125;2;29836
125;3;50744
125;4;67404
125;5;82632
125;6;95560
125;7;108148
125;8;119044
125;9;131000
125;10;140532
125;11;150812
125;12;159428
126;1;200
126;2;27360
126;3;47144
126;4;63408
126;5;78152
126;6;90920
126;7;103304
126;8;114176
126;9;125952
126;10;135484
126;11;145640
126;12;154272
127;1;232
127;2;31236
127;3;52640
127;4;69488
127;5;84632
127;6;97688
127;7;110312
127;8;121300
127;9;133188
127;10;142760
127;11;152988
127;12;161648
128;1;276
128;2;29628
128;3;50472
128;4;67048
128;5;82144
128;6;95012
128;7;107400
128;8;118304
128;9;130112
128;10;139676
128;11;149788
128;12;158388
129;1;200
129;2;25308
129;3;44448
129;4;60184
129;5;74648
129;6;87216
129;7;99324
129;8;110020
129;9;121592
129;10;131048
129;11;140972
129;12;149492
130;1;288
130;2;31668
130;3;52840
130;4;69812
130;5;85000
130;6;98148
130;7;110752
130;8;121780
130;9;133644
130;10;143308
130;11;153480
130;12;162244
131;1;240
131;2;29368
131;3;50200
131;4;66828
131;5;81888
131;6;94900
131;7;107372
131;8;118352
131;9;130128
131;10;139760
131;11;149888
131;12;158564
132;1;276
132;2;27740
132;3;47812
132;4;64176
132;5;79036
132;6;91884
132;7;104208
132;8;115148
132;9;126760
132;10;136372
132;11;146436
132;12;155052
133;1;288
133;2;117516
133;3;118260
134;1;248
134;2;33728
134;3;55520
134;4;72740
134;5;88172
134;6;101388
134;7;114020
134;8;125144
134;9;137068
134;10;146776
134;11;156976
134;12;165696
135;1;284
135;2;29548
135;3;50144
135;4;66792
135;5;82016
135;6;95048
135;7;107456
135;8;118452
135;9;130212
135;10;140160
135;11;150712
135;12;159748
136;1;244
136;2;29828
136;3;50740
136;4;67348
136;5;82504
136;6;95484
136;7;108004
136;8;118908
136;9;130760
136;10;140344
136;11;150520
136;12;159180
137;1;240
137;2;28660
137;3;48952
137;4;65460
137;5;80360
137;6;93300
137;7;105628
137;8;116580
137;9;128324
137;10;137920
137;11;148028
137;12;156676
138;1;204
138;2;28116
138;3;48032
138;4;64480
138;5;79072
138;6;92036
138;7;104412
138;8;115376
138;9;127104
138;10;136732
138;11;146828
138;12;155468
139;1;240
139;2;25272
139;3;44188
139;4;60008
139;5;74276
139;6;86860
139;7;98964
139;8;109712
139;9;121268
139;10;130716
139;11;140680
139;12;149248
140;1;280
140;2;32336
140;3;53936
140;4;71040
140;5;86628
140;6;99876
140;7;112384
140;8;123544
140;9;135996
140;10;146020
140;11;156660
140;12;165636
141;1;164
141;2;26732
141;3;46268
141;4;62396
141;5;77020
141;6;89764
141;7;101984
141;8;112832
141;9;124496
141;10;133988
141;11;144060
141;12;152672
142;1;204
142;2;26256
142;3;45708
142;4;61660
142;5;76236
142;6;88900
142;7;101236
142;8;111944
142;9;123736
142;10;133148
142;11;143292
142;12;151832
144;1;168
144;2;24856
144;3;43704
144;4;59332
144;5;73476
144;6;85972
144;7;98092
144;8;108780
144;9;120192
144;10;129560
144;11;139464
144;12;147964
145;1;156
145;2;24840
145;3;43708
145;4;59348
145;5;73720
145;6;86272
145;7;98484
145;8;109112
145;9;120788
145;10;130196
145;11;140256
145;12;148696
146;1;284
146;2;30752
146;3;51976
146;4;68724
146;5;84200
146;6;97208
146;7;109864
146;8;120792
146;9;132740
146;10;142936
146;11;154216
146;12;163580
147;1;196
147;2;25972
147;3;45384
147;4;61252
147;5;75736
147;6;88324
147;7;100472
147;8;111196
147;9;122752
147;10;132148
147;11;142096
147;12;150572
148;1;156
148;2;26816
148;3;46456
148;4;62580
148;5;77260
148;6;90008
148;7;102296
148;8;113140
148;9;124856
148;10;134304
148;11;144468
148;12;153040
149;1;200
149;2;25544
149;3;44668
149;4;60468
149;5;75116
149;6;87736
149;7;99884
149;8;110612
149;9;122828
149;10;132744
149;11;143296
149;12;152212
150;1;268
150;2;26740
150;3;46880
150;4;62840
150;5;78040
150;6;90624
150;7;102964
150;8;113744
150;9;125980
150;10;135776
150;11;146224
150;12;155020
151;1;240
151;2;29308
151;3;49716
151;4;66324
151;5;81316
151;6;94256
151;7;106852
151;8;117768
151;9;129736
151;10;139316
151;11;149588
151;12;158252
152;1;200
152;2;27540
152;3;47716
152;4;63916
152;5;79012
152;6;91952
152;7;104724
152;8;116376
152;9;128932
152;10;138952
152;11;149520
152;12;158588
153;1;236
153;2;788
153;3;1296
153;4;1888
153;5;2648
153;6;3480
153;7;49596
154;1;284
154;2;26536
154;3;46620
154;4;62476
154;5;77616
154;6;90108
154;7;102556
154;8;113200
154;9;125076
154;10;134420
154;11;144636
154;12;153132
155;1;164
155;2;23648
155;3;41924
155;4;57192
155;5;71208
155;6;83508
155;7;95700
155;8;106176
155;9;117756
155;10;127012
155;11;137024
155;12;145444
156;1;276
156;2;30160
156;3;52024
156;4;69008
156;5;84816
156;6;97960
156;7;110808
156;8;122200
156;9;135028
156;10;145136
156;11;156020
156;12;165000
157;1;244
157;2;31304
157;3;52264
157;4;69192
157;5;84168
157;6;97348
157;7;109816
157;8;120880
157;9;132636
157;10;142336
157;11;152436
157;12;161096
158;1;248
158;2;30536
158;3;51476
158;4;68232
158;5;83256
158;6;96260
158;7;108960
158;8;119912
158;9;131836
158;10;141416
158;11;151676
158;12;160324
159;1;284
159;2;30836
159;3;52012
159;4;68824
159;5;84240
159;6;97308
159;7;109820
159;8;120852
159;9;132760
159;10;142424
159;11;152660
159;12;161368
160;1;164
160;2;28208
160;3;48472
160;4;64824
160;5;79896
160;6;92704
160;7;105172
160;8;116016
160;9;127896
160;10;137404
160;11;147652
160;12;156244
161;1;284
161;2;816
161;3;1344
161;4;1952
161;5;2520
161;6;3056
161;7;6884
161;8;20740
161;9;33124
161;10;45252
161;11;67284
161;12;76620
161;13;95088
162;1;160
162;2;25340
162;3;44256
162;4;60104
162;5;74432
162;6;87084
162;7;99276
162;8;110004
162;9;121704
162;10;131156
162;11;141256
162;12;149856
163;1;192
163;2;25620
163;3;44772
163;4;60636
163;5;75288
163;6;87932
163;7;100212
163;8;110924
163;9;123004
163;10;132724
163;11;143144
163;12;151784
164;1;204
164;2;26540
164;3;46044
164;4;62148
164;5;76768
164;6;89508
164;7;101836
164;8;112652
164;9;124360
164;10;133872
164;11;143944
164;12;152652
165;1;204
165;2;28064
165;3;48356
165;4;64660
165;5;79708
165;6;92496
165;7;105008
165;8;115816
165;9;127684
165;10;137196
165;11;147360
165;12;155984
166;1;196
166;2;28808
166;3;49320
166;4;65744
166;5;80956
166;6;93820
166;7;106284
166;8;117108
166;9;129408
166;10;139376
166;11;150012
166;12;158996
167;1;164
167;2;26172
167;3;45684
167;4;61704
167;5;76496
167;6;89140
167;7;101612
167;8;112336
167;9;124364
167;10;134240
167;11;145064
167;12;153984
168;1;284
168;2;28540
168;3;49216
168;4;65580
168;5;80756
168;6;93508
168;7;106084
168;8;116856
168;9;128824
168;10;138252
168;11;148540
168;12;157088
169;1;276
169;2;30624
169;3;51880
169;4;68748
169;5;84092
169;6;97180
169;7;109740
169;8;120836
169;9;132756
169;10;142512
169;11;152684
169;12;161384
170;1;244
170;2;32224
170;3;53532
170;4;70628
170;5;85880
170;6;99120
170;7;111912
170;8;122980
170;9;135076
170;10;144756
170;11;155112
170;12;163884
171;1;200
171;2;28256
171;3;48436
171;4;64824
171;5;79680
171;6;92552
171;7;104952
171;8;115840
171;9;127620
171;10;137168
171;11;147300
171;12;156012
172;1;196
172;2;25092
172;3;44044
172;4;59740
172;5;74072
172;6;86604
172;7;98764
172;8;109460
172;9;121028
172;10;130444
172;11;140428
172;12;148940
173;1;284
173;2;29132
173;3;49312
173;4;65916
173;5;80744
173;6;93804
173;7;106252
173;8;117256
173;9;129024
173;10;139760
173;11;151384
173;12;161484
174;1;160
174;2;25892
174;3;45128
174;4;61048
174;5;75584
174;6;88236
174;7;100672
174;8;111404
174;9;123260
174;10;132644
174;11;142896
174;12;151460
175;1;160
175;2;26728
175;3;46108
175;4;62220
175;5;76656
175;6;89432
175;7;101772
175;8;112568
175;9;124288
175;10;133836
175;11;143828
175;12;152384
176;1;244
176;2;30272
176;3;51036
176;4;67792
176;5;83016
176;6;96072
176;7;108528
176;8;119528
176;9;131412
176;10;141052
176;11;151216
176;12;159984
177;1;164
177;2;25640
177;3;44888
177;4;60732
177;5;75328
177;6;87912
177;7;100216
177;8;110892
177;9;122644
177;10;132080
177;11;142208
177;12;150876
178;1;244
178;2;29052
178;3;49596
178;4;66088
178;5;80996
178;6;93940
178;7;106400
178;8;117308
178;9;129100
178;10;138768
178;11;148812
178;12;157400
179;1;236
179;2;33540
179;3;54756
179;4;68072
180;1;200
180;2;26868
180;3;46644
180;4;62744
180;5;77456
180;6;90136
180;7;102432
180;8;113228
180;9;124884
180;10;134360
180;11;144384
180;12;152972
181;1;280
181;2;28356
181;3;48600
181;4;64916
181;5;79816
181;6;92664
181;7;105220
181;8;116084
181;9;128028
181;10;137516
181;11;147820
181;12;156444
182;1;244
182;2;28028
182;3;48376
182;4;64680
182;5;79728
182;6;92440
182;7;105020
182;8;115824
182;9;127796
182;10;137248
182;11;147580
182;12;156100
183;1;164
183;2;26576
183;3;46036
183;4;62064
183;5;76676
183;6;89392
183;7;101768
183;8;112496
183;9;124320
183;10;133784
183;11;143996
183;12;152508
184;1;280
184;2;32332
184;3;54036
184;4;71052
184;5;86744
184;6;99844
184;7;112620
184;8;123592
184;9;135956
184;10;145816
184;11;156460
184;12;165244
185;1;160
185;2;24884
185;3;43672
185;4;59352
185;5;73704
185;6;86248
185;7;98420
185;8;109072
185;9;120692
185;10;130132
185;11;140276
185;12;149000
186;1;160
186;2;25724
186;3;44940
186;4;60780
186;5;75240
186;6;87848
186;7;100100
186;8;110784
186;9;122448
186;10;131908
186;11;141864
186;12;150344
187;1;280
187;2;760
187;3;9200
187;4;21332
187;5;31904
187;6;43380
187;7;52652
187;8;62808
187;9;71220
188;1;120
188;2;21612
188;3;38840
188;4;53548
188;5;67208
188;6;79224
188;7;91188
188;8;101492
188;9;112980
188;10;122116
188;11;132048
188;12;140380
189;1;284
189;2;35688
189;3;58084
189;4;75504
189;5;91260
189;6;104524
189;7;117504
189;8;128580
189;9;140848
189;10;150520
189;11;161028
189;12;169692
190;1;276
190;2;28096
190;3;48236
190;4;64560
190;5;79248
190;6;92052
190;7;104652
190;8;115508
190;9;127368
190;10;136836
190;11;147104
190;12;155696
191;1;200
191;2;28476
191;3;48432
191;4;64868
191;5;79476
191;6;92420
191;7;105036
191;8;115944
191;9;127816
191;10;137320
191;11;147648
191;12;156212
192;1;232
192;2;28356
192;3;48492
192;4;64836
192;5;79588
192;6;92444
192;7;105100
192;8;115956
192;9;127892
192;10;137468
192;11;147700
192;12;156272
193;1;196
193;2;28464
193;3;48524
193;4;65004
193;5;79864
193;6;92800
193;7;105296
193;8;116216
193;9;128156
193;10;137732
193;11;148000
193;12;156708
194;1;160
194;2;23212
194;3;41460
194;4;56652
194;5;70908
194;6;83164
194;7;95196
194;8;105676
194;9;117272
194;10;126556
194;11;136768
194;12;145300
195;1;120
195;2;24052
195;3;42348
195;4;57824
195;5;71896
195;6;84312
195;7;96528
195;8;107080
195;9;118764
195;10;128088
195;11;138192
195;12;146596
196;1;156
196;2;25984
196;3;45292
196;4;61200
196;5;75664
196;6;88304
196;7;100612
196;8;111364
196;9;122996
196;10;132552
196;11;142496
196;12;151032
197;1;160
197;2;27964
197;3;47596
197;4;64020
197;5;78672
197;6;91644
197;7;104140
197;8;115084
197;9;126984
197;10;136572
197;11;146844
197;12;155704
198;1;196
198;2;28816
198;3;48748
198;4;65320
198;5;79840
198;6;92864
198;7;105352
198;8;116364
198;9;128064
198;10;137672
198;11;147816
198;12;156452
199;1;160
199;2;24400
199;3;43004
199;4;58604
199;5;72948
199;6;85440
199;7;97500
199;8;108164
199;9;119756
199;10;129312
199;11;139656
199;12;148444
200;1;192
200;2;26704
200;3;46192
200;4;62324
200;5;76732
200;6;89444
200;7;101800
200;8;112592
200;9;124240
200;10;133680
200;11;143748
200;12;152304
